center,dva-mean,dvi-mean,dva-std,dvi-std,dva-abs-mean,dvi-abs-mean
-5.5,0.0,0.0,0.0,0.0,0.0,0.0
-4.5,0.0,0.0,0.0,0.0,0.0,0.0
-3.5,0.0,0.0,0.0,0.0,0.0,0.0
-2.5,1.66666666667,-1.29666666667,1.53260852434,3.43346601685,1.66666666667,2.70333333333
-1.5,1.07607142857,-4.16964285714,7.3938460605,7.76440296764,4.95464285714,5.8125
-0.5,-0.4465,-1.843,5.13537561917,7.92581421685,3.5465,5.923
0.5,1.302,-1.31613333333,4.93848424789,7.0834074462,3.2852,5.15693333333
1.5,0.577209302326,-1.98604651163,6.99615819013,6.99576188631,4.61813953488,5.32558139535
2.5,-0.0075,2.301875,7.70145724847,5.91327343646,5.5325,4.951875
3.5,-1.48571428571,2.97142857143,2.47699620591,2.99175738403,1.82857142857,3.34285714286
4.5,0.0,0.0,0.0,0.0,0.0,0.0
5.5,0.0,0.0,0.0,0.0,0.0,0.0
