idx,x,y
558,7.97674457954,-2.49208910043
1077,19.0420322242,-3.01045008543
