idx,x,y,z
151,20.4898298582,30.8763321675,-8.6900025534
152,22.7172514269,28.0344155009,-12.569046671
153,23.8869895221,32.2020464532,-12.6437252425
154,26.4721323793,28.9121893104,-15.2982252425
155,29.7530609507,31.6920464532,-14.5076538139
156,27.7344597602,34.5045405009,-8.7427966711
157,26.1157752364,28.8739035961,-9.2532252425
158,32.0182362754,25.6315594403,-11.1569784892
