idx,x,y,z
211,38.9868347602,14.5945821675,-12.858296671
212,35.7646812514,18.194279536,-15.4064545658
213,36.2292752364,12.7800464532,-16.4910109568
214,35.970346665,11.2749750247,-12.3341538139
215,31.9349805935,8.4911446675,-12.015921671
216,29.3954180935,12.8288776221,-13.4388421256
