idx,x,y,z
237,21.728872639,15.8101048948,14.6931578744
238,17.4099180935,13.9665464532,18.6566319004
239,13.7475233567,11.9818058517,15.7934928026
240,18.4549180935,10.8575196675,12.407453329
241,19.5715609507,9.141760739,16.3688461861
242,16.2736180935,7.6568321675,17.833703329
243,15.4919970409,5.840279536,12.6984928026
244,21.0085759883,5.459279536,13.9069138553
245,18.1303004465,3.0275674617,19.3270562701
246,15.4110544572,1.2646048948,16.2529760562
247,18.5538555935,0.5014571675,12.416953329
248,20.4402817299,-1.7788041961,18.1542487835
249,14.3535544572,-4.723713287,17.8839306017
250,15.1712075672,-3.0696152009,11.3747559605
251,19.6452180935,-5.6290678325,12.041103329
252,18.3184180935,-9.5887511658,13.5357866623
