idx,x,y,z
179,38.7489180935,14.9424571675,17.6216616623
180,44.0662752364,17.6850464532,18.4092747575
181,46.2752180935,22.4499321675,20.430853329
182,41.5832362754,22.2478776221,21.6623396926
183,42.6856812514,17.8877532202,26.0142296447
184,40.7323004465,22.2349792264,27.3325856819
185,37.0681180935,20.3899321675,22.953803329
186,32.0502180935,19.9359821675,26.876803329
187,29.8117038078,19.7619035961,23.4062747575
188,34.2358680935,17.6192321675,18.756953329
189,29.7079970409,17.8373321675,15.7548085921
190,31.5512514269,11.4114571675,19.7879949956
191,33.5052514269,10.4772488342,16.1153699956
