idx,x,y,z
159,32.1832276174,32.5054274056,-6.9278204806
160,28.8722930935,30.7770196675,-4.6690466711
161,29.9162847602,24.9488655009,-5.4603633377
162,36.047894284,26.0034274056,-5.6023919091
163,33.2237752364,30.2188321675,-2.0699395282
164,29.9731180935,25.4768821675,0.910253329
165,33.9269895221,23.456260739,-1.2375823853
166,36.6636180935,26.7874321675,0.440003329
167,33.5009970409,28.8530690096,3.6213875395
168,33.1736085697,21.7532845485,5.0345128528
169,38.315346665,23.095760739,3.313703329
170,38.1279180935,27.6902821675,7.860103329
171,34.3402180935,23.7485988342,9.2740366623
172,36.8897817299,20.3521503494,8.0983396926
173,42.0103128304,22.6037005886,8.53507175
174,39.2186055935,24.9608321675,12.488015829
175,35.0830090026,19.5770594403,13.1600669653
176,41.1736812514,17.2425953254,12.27507175
177,43.8545233567,21.7215953254,13.5659664868
178,40.1081180935,21.6211321675,17.562203329
