idx,x,y,z
217,27.5047180935,10.1245321675,-10.185496671
218,31.474733883,10.8608058517,-7.4877703553
219,30.9345014269,15.8638321675,-11.4118800044
220,24.9869180935,14.2143321675,-8.2854395282
221,27.7607680935,12.0137821675,-3.0886466711
222,30.4395847602,18.3009988342,-5.5175466711
223,23.3450430935,17.2396446675,-3.4660466711
224,24.8716812514,14.3380690096,0.070703329
225,27.3105847602,21.0334988342,-0.576046671
226,22.1932180935,19.7349321675,1.838203329
227,22.5044180935,14.8313321675,4.3209138553
228,27.8670090026,19.1928776221,6.948203329
229,21.702846665,20.9070464532,7.3452747575
230,20.2865233567,16.3279637465,8.8715454342
231,25.7293271845,17.2568776221,10.8179760562
232,25.2258555935,21.8323946675,11.615765829
233,19.7313128304,21.1214900623,12.4329664868
234,18.8707817299,20.1248776221,16.9399760562
235,15.7424180935,18.0709035961,16.8585604718
236,15.7869970409,17.6701216412,12.4061770132
