idx,x,y,z
253,13.8434180935,-8.2964178325,11.373140829
254,17.3009475053,-6.0546090089,6.6517621525
255,20.0456680935,-10.6409803325,8.311765829
256,14.434365462,-13.3065099377,8.4351243816
257,13.9811323793,-10.2364535468,4.5355604718
258,18.5544180935,-9.9557303325,2.888453329
259,18.0006180935,-16.2893678325,4.499103329
260,14.3496908208,-15.3817587416,2.8258851471
261,14.1958917778,-11.5192994114,-1.19192825
262,18.8112362754,-14.6767587416,-1.6025693983
263,16.2081055935,-18.7089178325,-0.801796671
264,12.0619180935,-16.5812178325,-2.0131466711
265,16.2971180935,-14.9465678325,-6.1308966711
266,19.5532075672,-17.7401415167,-6.7470861447
267,13.791365462,-20.9985099377,-6.3516124605
268,13.6052752364,-17.7346678325,-9.4262966711
269,17.6781549356,-17.0819836219,-12.5307703553
270,17.4368886818,-21.5855501854,-11.9501202005
271,10.8988917778,-22.0729309904,-11.8420335132
272,9.9751680935,-18.0954178325,-12.429746671
273,15.1557710347,-18.6518443031,-16.7199437299
274,12.9752752364,-17.2823821182,-20.4148680996
275,16.4119180935,-13.7580011658,-17.3077133377
276,19.4543271845,-11.745213287,-14.279296671
