idx,x,y,z
192,29.7239180935,9.3223321675,14.5384890432
193,26.4758764269,13.0580405009,13.7306199956
194,33.611346665,14.4010464532,11.8539890432
195,32.7038347602,9.2599155009,7.4742449956
196,27.583365462,12.9534900623,7.5820191184
197,31.0215014269,16.3144988342,8.3448699956
198,36.3451680935,14.1554821675,5.852053329
199,31.8995090026,11.7512412584,3.667703329
200,29.7181055935,15.7433321675,2.141953329
201,34.9924707251,18.0690690096,2.1023875395
202,36.8939970409,12.8439637465,0.7192822763
203,32.8334180935,12.377273344,-2.3000025534
204,33.0176180935,17.8009321675,-2.8783966711
205,39.3419895221,18.0476655009,-2.5338204806
206,39.9662038078,20.5313321675,-5.8497966711
207,40.5187038078,15.6949750247,-6.8779395282
208,35.4496180935,15.4889988342,-8.3694966711
209,35.2573680935,21.4407321675,-8.9377466711
210,40.1622305935,19.7024571675,-11.774921671
