idx,x,y,z
127,36.5515847602,30.3268877231,18.2963699956
128,34.5729970409,24.5610163781,15.7668612237
129,32.1911680935,24.4912071675,20.001828329
130,31.7823004465,31.041273344,19.0947621525
131,27.3804180935,30.3382412584,19.4835215108
132,28.6842601988,34.3003321675,15.9091770132
133,32.6908180935,29.2693321675,13.695853329
134,27.5734180935,26.3959035961,14.7782747575
135,24.3229475053,31.4760380499,13.4314680348
136,29.429365462,31.656279536,9.7984401711
137,29.3945759883,26.4234900623,9.6404928026
138,23.0197710347,26.5129204028,10.598703329
139,24.2400544572,30.6385139857,7.4293396926
140,27.6174180935,28.554760739,4.7631319004
141,25.4616812514,24.1614374307,5.33607175
142,20.029365462,27.3990163781,5.1274401711
143,23.0665609507,30.1419750247,1.5234890432
144,24.8804180935,26.2001893104,-1.0005109568
145,20.860872639,24.0734230766,0.6051578744
146,18.0227930935,27.6185821675,-0.661046671
147,22.7939180935,28.5854321675,-4.1141466711
148,22.2121239759,23.1994498146,-4.3826496122
149,17.3123180935,24.7076321675,-5.9975966711
150,18.4705357406,25.3979204028,-11.3027672593
