idx,x,y,z
772,-14.5960819065,39.9790821675,21.931703329
773,-13.316653335,42.1458321675,17.8594890432
774,-7.6336295255,39.6229035961,20.0644176147
775,-13.0876295255,34.6139512152,20.8212747575
776,-15.1659628588,36.8845702628,14.6891319004
777,-11.0940319065,37.9302821675,13.123003329
778,-7.4784054359,34.0933321675,18.5758797995
779,-13.3003466123,31.9838027558,17.2535268584
