idx,x,y,z
863,22.0238271845,13.8481048948,-17.3324784892
864,18.6966323793,10.4215464532,-19.4915823853
865,14.367894284,14.2261893104,-23.441249052
866,19.562872639,15.1816048948,-23.7567512165
867,21.3019514269,11.0169321675,-22.4018300044
868,16.5608391462,7.5574900623,-23.7407703553
869,17.9928764269,6.6956655009,-28.3944633377
870,14.2111680935,8.3805821675,-28.650546671
871,11.437872639,11.8149685312,-30.1939330347
872,8.6821680935,10.6856655009,-27.7396300044
873,11.2199635481,6.7076958039,-26.0593875801
874,12.5654180935,10.2099035961,-24.2435823853
875,7.5930496725,11.6694374307,-22.7914545658
876,10.1694180935,7.1498058517,-19.33092825
877,13.6557752364,10.1248321675,-19.0782252425
878,10.2830430935,14.5090821675,-22.0330050044
879,6.0709597602,11.5790821675,-18.581796671
880,10.8239475053,10.0683321675,-14.5425319652
881,13.8401827994,13.2125086381,-12.535179024
882,13.4847710347,18.2187439322,-18.446179024
883,12.3961680935,20.3073321675,-13.5404633377
884,13.1935680935,21.0330821675,-7.8687466711
885,9.2308680935,22.3475821675,-9.1153966711
886,8.276241623,16.1518027558,-12.9528849063
887,12.3877180935,15.5742321675,-9.5946966711
888,9.4097180935,17.5447321675,-4.6710466711
889,5.7765233567,16.4498058517,-7.9325071974
890,9.589733883,10.8249637465,-9.4005071974
891,10.9275759883,11.5923847991,-4.1764019342
892,4.4100180935,12.8368321675,-3.9661466711
893,5.7240014269,8.9951238342,-9.4987966711
894,8.6667865146,5.7094900623,-5.9770335132
895,7.0845759883,7.7257532202,-0.4731914079
896,2.5513271845,7.678786713,-3.1316603074
897,3.7464180935,3.6596178818,-4.5937252425
898,4.1136180935,4.6564655009,-9.3388966711
899,8.8095430935,-0.5017928325,-7.2102133377
900,9.7099970409,3.8824374307,-11.5571387763
901,10.7802847602,-1.4162011658,-13.6323633377
902,13.1219895221,1.0094750247,-17.6890823853
903,13.78535927,-1.6339031266,-22.810179024
904,17.9212930935,-3.9495844991,-17.0096300044
905,17.9042514269,-3.0518344991,-23.345546671
906,17.3953271845,1.5419685312,-23.1229330347
907,18.3280651524,1.3189204028,-17.260296671
908,22.4456180935,-1.4092678325,-19.255296671
909,22.4930430935,1.6258946675,-24.245796671
910,21.8815999117,4.8213321675,-20.4847512165
911,24.8722752364,3.0391893104,-18.2175823853
912,22.3324769171,5.6965086381,-16.3632378475
913,21.7263271845,0.0331503494,-14.4463875801
