idx,x,y,z
826,-15.5207961922,21.1296893104,15.8187747575
827,-14.1944390493,17.0231178818,18.8549176147
828,-13.1639503275,13.9791742728,14.9164401711
829,-11.4248976959,19.9604900623,12.3771243816
830,-8.5709455428,20.1595594403,18.7773396926
831,-7.8468976959,15.187647957,18.0783875395
832,-7.4411608538,15.0299637465,12.6161770132
833,-4.9575819065,18.9811893104,13.9252747575
834,-3.2269390493,18.2144035961,18.245703329
835,-1.8834909974,14.8870594403,15.2223396926
836,-0.6697694065,18.6247696675,11.948328329
837,2.0327038078,19.2834750247,15.517703329
838,3.7228180935,15.8593321675,16.497603329
839,3.364365462,15.1530163781,11.0081243816
840,5.786846665,18.7283321675,12.1815604718
841,9.792846665,16.8495464532,14.0038461861
