idx,x,y,z
800,-10.1822485731,40.0249988342,-4.5191716711
801,-7.3828172006,36.4156851087,-10.4985319652
802,-10.8690364519,38.7220594403,-13.2833875801
803,-8.6980819065,34.6355464532,-15.2999395282
804,-8.9377924328,32.1159111149,-10.8527703553
805,-14.1882182701,30.779786713,-13.1686603074
