idx,x,y,z
712,-31.8668976959,36.2147532202,22.0489138553
713,-29.6217694065,36.9670196675,17.208828329
714,-24.5312694065,35.9660196675,17.753703329
715,-25.2009348476,33.6425674617,23.4518797995
716,-29.1259985731,31.6604988342,19.7853699956
717,-29.7955104779,27.5515464532,20.4451319004
718,-33.3667819065,29.4834821675,15.565253329
719,-28.0179390493,31.2834750247,15.4148461861
720,-25.6424985731,27.6334155009,14.6118699956
721,-31.0035819065,24.5937005886,14.3539664868
722,-31.1008676207,28.7818321675,10.968703329
723,-26.2024766433,29.1074900623,10.016703329
724,-26.7712961922,23.438260739,10.4184176147
725,-32.0848172006,23.9784498146,7.8055268584
726,-28.8232182701,27.0572412584,5.5061578744
727,-24.3411082222,24.0685426938,5.4922296447
728,-28.4747069065,20.3240196675,4.708015829
729,-32.0021608538,23.3400690096,2.7422296447
730,-27.3575819065,25.9764750247,-0.3153680996
731,-25.0475104779,21.1880464532,0.130203329
732,-30.0337924328,19.1909637465,-1.7626124605
733,-31.1068319065,23.9304821675,-4.3347966711
734,-23.9119348476,23.3725674617,-4.1390613769
735,-25.6815819065,18.9818321675,-6.1252966711
736,-29.2280029591,20.9983847991,-8.8378229868
