idx,x,y,z
806,-10.8410194065,27.7382071675,-10.890046671
807,-12.2634240117,31.3012269044,-7.2050861447
808,-19.2598735731,29.0986238342,-9.6464216711
809,-14.7858546337,24.9228776221,-7.9136603074
810,-12.6494319065,27.4805821675,-2.6637966711
811,-19.0997485731,30.0853738342,-4.9213800044
812,-18.6981082222,22.7503321675,-3.5915071974
813,-14.0285292749,23.6213847991,0.0821243816
814,-20.6949985731,27.0704155009,0.0637866623
815,-20.2905194065,21.5077696675,2.686265829
816,-14.8624319065,21.2601321675,6.023253329
817,-20.0717637246,27.7184685312,7.8418851471
818,-21.3401608538,20.9911216412,8.9024401711
819,-16.5103819065,21.6817321675,10.615203329
820,-19.1746728155,27.0781958039,12.7829306017
821,-21.7246728155,24.2176958039,13.2010669653
822,-23.1669569065,18.4677905009,13.4184116623
823,-21.8877247636,18.7184750247,17.7218461861
824,-18.2334390493,14.7934750247,17.6420604718
825,-17.4265819065,17.4370690096,12.1943349079
