idx,x,y,z
748,-35.1662877888,28.4540380499,-7.7776496122
749,-29.1465292749,26.5593321675,-8.3569808816
750,-27.09564073,30.4982145205,-9.2070613769
751,-31.4865194065,33.5665196675,-6.2561091711
752,-29.9442961922,30.3413321675,-3.5428680996
753,-25.274153335,30.1516893104,-4.5407252425
754,-26.1421082222,35.7055426938,-3.9966124605
755,-30.2775194065,34.1252696675,-0.446359171
756,-25.5911819065,29.8112321675,1.733203329
757,-23.3472247636,33.9056178818,0.696703329
758,-26.0727247636,36.458760739,2.6084176147
759,-28.9126871696,33.938279536,5.4277559605
760,-24.1649319065,31.5734821675,6.085153329
761,-22.7600819065,38.2886178818,5.1815604718
762,-25.9893819065,38.2723321675,8.496203329
763,-23.5403152398,34.4969988342,11.262703329
764,-19.6051113182,37.5910380499,8.5992327407
765,-22.009653335,41.5551178818,10.0930604718
766,-25.5291319065,40.6487821675,14.764053329
767,-20.3875364519,35.4865139857,15.1234760562
768,-17.4099503275,40.9133321675,13.0385454342
769,-20.9697398012,44.6934374307,16.2516506974
770,-21.7644819065,40.3110321675,19.068503329
771,-18.0025292749,37.2269111149,19.9798612237
