idx,x,y,z
914,23.8865759883,2.9723847991,-10.2620335132
915,18.8115090026,4.6832412584,-11.856205762
916,16.5225233567,-0.2039836219,-10.2620335132
917,21.1021549356,1.265279536,-5.8640335132
918,19.0534180935,6.3206446675,-7.0576716711
919,14.3748680935,5.1985821675,-8.9848966711
920,15.6022075672,-0.0466152009,-4.0374019342
921,18.5754707251,4.7952269044,-1.2530335132
922,14.1478555935,7.3626446675,-3.0645466711
923,10.0193004465,3.0409204028,-2.1621202005
924,13.9332305935,1.5503946675,1.372203329
925,15.275733883,6.7874900623,3.2009664869
926,10.7704180935,6.977760739,2.5132747575
927,8.3347038078,3.0010464533,3.2091319004
928,12.6674180935,3.7827532202,7.4486506974
929,10.2722305935,8.7903946675,7.038828329
930,5.5572930935,6.5037071675,5.707703329
931,7.7520496725,2.5598058517,9.9787559605
932,8.8917752364,6.4930464533,12.1021319004
933,3.885733883,9.6687005886,9.5109138553
934,1.7814180935,3.4452321675,11.628653329
935,5.5348917778,5.0999637465,15.9516506974
936,3.7405180935,9.4724321675,15.179903329
937,-0.7263713801,9.610647957,13.7829138553
938,-0.4767924328,3.5701216412,16.6411770132
939,-0.1003713801,8.2848058517,20.3119664868
