idx,x,y,z
842,8.5995233567,12.6074900623,11.1299664868
843,6.6779180935,16.7806178818,8.0789176147
844,11.3621023041,19.9741216412,9.2012296447
845,13.2684805935,15.0598321675,8.967578329
846,9.4495759883,13.5061216412,4.587703329
847,10.5744180935,18.1863321675,3.710003329
848,15.7386812514,18.8838584833,4.5268612237
849,15.7068917778,13.3139637465,3.1127559605
850,11.7087305935,14.8066446675,-0.348984171
851,15.3064180935,20.3385821675,-1.5000966711
852,18.7238391462,16.6910163781,-0.1835598289
853,16.7181680935,11.9278821675,-2.2852966711
854,14.4686180935,16.5637321675,-5.7942966711
855,18.4579180935,19.1830196675,-5.9396091711
856,20.0676055935,14.0773321675,-6.3042966711
857,17.3724180935,13.926760739,-9.4547252425
858,16.9283004465,18.5938027558,-12.3608849063
859,22.1390651524,17.5935086381,-10.786296671
860,21.6821023041,12.1225953254,-11.6294019342
861,18.5850680935,10.2278321675,-13.574996671
862,17.175846665,15.2574750247,-16.2211538139
