idx,x,y,z
780,-10.2012961922,29.3771893104,14.113703329
781,-12.4684569065,25.6739988342,14.5159116623
782,-15.1929390493,32.249760739,13.421203329
783,-10.5310555907,33.3739111149,10.8611770132
784,-12.6363819065,27.7264321675,7.816453329
785,-17.0588319065,30.7243321675,8.976703329
786,-15.0543091792,34.5596048948,7.969703329
787,-11.6787924328,32.7191742728,4.1914401711
788,-16.2257924328,29.350279536,3.830703329
789,-19.3082694065,33.7858946675,4.164828329
790,-15.560266117,37.6668584833,2.8674928026
791,-14.0299503275,33.1182269044,-1.4387703553
792,-18.9980364519,33.1771503494,-1.5188421256
793,-20.4928450644,37.9924374307,-1.1296650921
794,-14.4448760241,39.3486262852,-1.883179024
795,-15.6162485731,35.2395321675,-6.3204966711
796,-18.3959503275,37.7848058517,-9.7205598289
797,-17.8385819065,41.1424750247,-6.1445823853
798,-13.3104766433,43.2274374307,-5.4035598289
799,-13.5403091792,40.6734230766,-10.3773875801
