idx,x,y,z
1318,-21.2285152398,-19.7282678325,19.0086366623
1319,-17.7580104779,-17.6650964039,18.595703329
1320,-16.2735819065,-17.9437854795,13.7410562701
1321,-23.1277902398,-17.3080011658,16.5479949956
1322,-18.2237694065,-13.9317303325,19.882140829
1323,-14.7827694065,-13.0982928325,15.832328329
1324,-18.6575819065,-11.1934803325,12.982140829
1325,-20.548153335,-9.2406678325,17.8595604718
1326,-16.1793819065,-7.9662678325,18.163703329
1327,-14.9427924328,-6.6359309904,13.2209138553
1328,-20.5444569065,-5.3211678325,14.601765829
1329,-18.4542961922,-3.3175249753,18.0269890432
1330,-15.4499819065,-1.4097678325,16.170503329
1331,-19.5693713801,-0.3490888851,13.3053349079
1332,-19.3804390493,2.9880464533,17.0417747575
1333,-14.8458546337,4.5805139857,16.2548851471
1334,-14.595266117,2.640279536,11.4011770132
1335,-20.3525230829,5.5079792264,11.4497621525
1336,-16.9372247636,9.3600464533,14.2602747575
