idx,x,y,z
1400,-16.7842069065,9.9745821675,-18.851234171
1401,-12.5295104779,10.5781893104,-15.0069395282
1402,-12.9856819065,14.1457321675,-13.965246671
1403,-19.0853319065,13.4725821675,-16.0388800044
1404,-21.7440819065,12.8149035961,-12.0850109568
1405,-21.2859569065,13.6039571675,-7.7940466711
1406,-20.2005819065,9.5894750247,-8.9947252425
1407,-17.6277819065,9.8538321675,-11.885296671
1408,-15.6790104779,11.7599035961,-9.1732966711
1409,-17.1049628588,9.3262845485,-4.0558204806
1410,-15.4451082222,6.0950163781,-9.85392825
1411,-11.9261819065,9.0795321675,-9.7582966711
1412,-11.5774240117,11.3700163781,-5.4655071974
1413,-12.2377398012,4.6038584833,-4.6090335132
1414,-7.9964642594,5.4284498146,-9.4310025534
1415,-6.2268319065,9.0135821675,-6.0748591711
1416,-7.7132819065,6.6677321675,-2.1661966711
1417,-7.394153335,2.4931893104,-3.7079395282
1418,-2.6815319065,5.1733321675,-2.5928466711000002
1419,-4.4869455428,2.4303776221,-9.9905693983
1420,-1.3998676207,4.259760739,-10.1087252425
1421,-0.9364569065,9.0777488342,-8.0443800044
1422,2.0387122112,9.1305086381,-12.445296671
1423,-0.2639152398,5.9418321675,-14.5158800044
1424,-4.8600029591,6.2348058517,-15.938296671
1425,-6.1595819065,9.966155697,-12.5334731416
1426,-1.4427247636,13.4925226437,-11.3381061949
1427,0.6047180935,11.8165321675,-16.583996671
1428,-3.0830819065,11.5941321675,-18.895496671
1429,-5.8069569065,14.5798946675,-16.610734171
1430,-2.0382485731,17.3973321675,-14.6359633377
1431,0.0839635481,20.8668776221,-15.9651148529
1432,2.9905430935,16.5282488342,-11.9182133377
1433,5.2587038078,21.4121893104,-15.684296671
1434,9.0950847602,19.6620464532,-17.9187728615
1435,3.3834180935,15.8719988342,-16.059696671
1436,2.6786847602,20.0791321675,-20.0453633377
1437,-0.8814642594,18.0242145205,-22.5134143181
1438,-1.1210819065,22.9274035961,-24.2820109568
1439,-5.2115819065,19.4475674617,-23.6487084358
1440,-10.3065402398,24.4417071675,-20.4846300044
1441,-9.4536485731,22.1937321675,-17.3762300044
1442,-3.9787723827,18.2693797866,-19.5233919091
1443,-2.4165819065,24.2569750247,-19.4870823853
