idx,x,y,z
1292,-41.2717247636,-11.774239261,-12.6997252425
1293,-36.0638819065,-13.3810178325,-13.930096671
1294,-39.1794819065,-9.4372678325,-16.974996671
1295,-43.1109819065,-8.1339344991,-14.1660300044
