idx,x,y,z
1225,-25.8742485731,-23.6408011658,-9.3768966711
1226,-22.7136652398,-21.6402511658,-12.6331300044
1227,-17.9931082222,-22.3259836219,-10.8468756184
1228,-15.6485342874,-27.634239261,-14.8971538139
1229,-20.1650555907,-25.5539309904,-18.8009808816
1230,-18.2173152398,-31.0328678325,-17.2865633377
1231,-19.1432485731,-29.5427344991,-12.455496671
1232,-24.0372485731,-25.7448761658,-13.9521300044
1233,-22.9186728155,-31.5187587416,-18.4828875801
1234,-22.3997961922,-34.2031678325,-15.2042252425
1235,-24.4553713801,-32.8942994114,-10.7580861447
1236,-28.5334000883,-28.1029860143,-13.381796671
1237,-31.5837069065,-33.4175428325,-12.640234171
