idx,x,y,z
1264,-38.9617637246,-9.9231678325,21.3318851471
1265,-36.3197637246,-16.6813041961,19.551294238
1266,-36.5477723826,-14.7184297372,14.0411795194
1267,-38.1291319065,-10.2086178325,13.538003329
1268,-34.5665819065,-8.2388821182,19.0645604718
1269,-31.376653335,-12.4509535468,17.521203329
