idx,x,y,z
1337,-13.1271444065,8.3925821675,11.642203329
1338,-16.1104240117,6.4802269044,6.9619664869
1339,-19.8054240117,11.5083321675,9.3086506974
1340,-14.7674569065,13.6226446675,9.322578329
1341,-13.9768546337,10.7255139857,5.2979760562
1342,-19.2516871696,10.8989637465,3.5958085921
1343,-18.2789503275,16.5195953254,5.029703329
1344,-12.2986319065,16.6012821675,2.752453329
1345,-13.6947069065,10.5343738342,-0.812046671
1346,-19.8731082222,14.2988584833,-0.9250335132
1347,-16.5936871696,19.1302269044,0.0201243816
1348,-11.9802319065,17.6241821675,-2.4154466711
1349,-16.560127361,14.5410594403,-5.7357512165
1350,-19.6897924328,18.1621216412,-5.2130861447
1351,-13.911758377,20.5630968734,-5.5565907887
1352,-14.2087247636,17.7363321675,-9.1932966711
1353,-18.0623944065,17.4530196675,-11.454984171
1354,-17.4573676207,22.6685464532,-10.5293680996
1355,-11.9508976959,22.0968058517,-10.5387177237
1356,-11.1874819065,18.7272821675,-12.709446671
1357,-16.3815819065,18.1915321675,-16.078996671
1358,-14.5658676207,20.0426178818,-19.1951538139
1359,-10.0518091792,17.8567412584,-18.3762512165
