idx,x,y,z
1296,-39.1600524947,-7.1293148913,-9.7940613769
1297,-36.4050104779,-6.3840964039,-14.042296671
1298,-34.9912247636,-9.422239261,-12.3942252425
1299,-29.7047398012,-9.6277204641,-14.3614545658
1300,-26.6735364519,-15.2278041961,-14.5147512165
1301,-27.6675819065,-11.0070314688,-10.1154784892
1302,-32.6295292749,-12.939352043,-7.9558229868
1303,-32.3072902398,-17.1863344991,-10.5053383377
1304,-25.683653335,-14.8451678325,-8.3663680996
1305,-28.2537398012,-13.0242467798,-4.39492825
1306,-29.2704985731,-20.7007928325,-6.2840050044
1307,-24.0911819065,-17.5274678325,-3.3530966711
1308,-26.459266117,-14.6919309904,0.1404928026
1309,-27.2067069065,-21.5458761658,-0.1505883377
1310,-22.0032961922,-20.1758106896,2.1997747575
1311,-22.8424240117,-15.2619309904,5.4231243816
1312,-28.4793319065,-20.0745428325,7.6421616623
1313,-22.1324819065,-21.1119678325,8.327903329
1314,-21.2653713801,-16.0912994114,10.7320191184
1315,-25.9426728155,-17.6203951052,11.4508851471
1316,-24.2392485731,-23.3473344991,14.5251199956
1317,-19.0925319065,-22.0843178325,14.291753329
