idx,x,y,z
1270,-28.4734819065,-10.2081678325,14.658403329
1271,-25.8080819065,-13.7175428325,14.920328329
1272,-32.3686728155,-14.7099405597,14.1820669653
1273,-33.5710819065,-9.3356678325,11.062203329
1274,-27.5515819065,-13.7968257272,8.7218612237
1275,-30.8407485731,-17.3027511658,9.950453329
1276,-35.9296319065,-13.8961678325,7.268203329
1277,-32.1134240117,-11.5905099377,4.3416506974
1278,-29.1905819065,-16.7275099377,4.3827559605
1279,-33.9301444065,-19.1746678325,4.021640829
1280,-36.1830819065,-14.8643344991,2.069953329
1281,-32.7612694065,-13.7481678325,-0.899984171
1282,-32.7733091792,-18.934213287,-1.1505693983
1283,-38.3483187486,-19.3080362535,-1.2083493026
1284,-37.1233944065,-14.7592928325,-3.9919841711
1285,-33.3613091792,-17.3521223779,-5.9840239438
1286,-34.6930555907,-21.5889309904,-5.7651387763
1287,-40.2249569065,-19.5449178325,-6.1564216711
1288,-38.6254819065,-15.9121678325,-9.0912966711
1289,-42.799653335,-16.5754535468,-12.3667252425
1290,-41.0047247636,-16.7038106896,-16.6159395282
1291,-44.6918450644,-12.6724046746,-15.5600861447
