idx,x,y,z
1444,-4.5734240117,24.5930163781,-13.9828756184
1445,0.2224657126,25.0560464532,-11.6581538139
1446,-5.7113466123,19.3220968734,-12.002179024
1447,0.0864657126,20.5723321675,-8.6925823853
1448,-3.3030029591,22.6550690096,-5.5937703553
1449,-8.3874390493,17.9294274056,-6.6395347663
1450,-5.1621319065,15.1006321675,-8.1600466711
1451,-0.9150194065,17.4982696675,-3.6056091711
1452,-5.3049503275,19.2300690096,-0.4722440395
1453,-7.9219819065,13.2620821675,-2.0604966711
1454,-2.5146871696,12.0319111149,-2.4674545658
1455,-1.2333713801,15.3345953254,2.5496506974
1456,-7.8710819065,13.7327821675,3.326603329
1457,-5.8120104779,10.4003321675,2.7195604718
1458,-2.0083091792,9.7890594403,4.1809760562
1459,-2.6140819065,12.9406321675,8.957053329
1460,-8.8920819065,9.5018821675,6.951753329
1461,-5.4238676207,5.9053321675,6.3544890432
1462,-2.0179503275,6.8374374307,9.4024401711
1463,-6.0708676207,9.7044750247,11.9799176147
1464,-9.5072134854,4.7007532202,9.9102296447
1465,-4.5406319065,1.4595821675,12.069103329
1466,-4.9264240117,5.6450163781,16.5019664868
1467,-9.2092961922,4.7571893104,15.8532747575
1468,-10.1921444065,0.6335196675,14.619828329
1469,-5.0127398012,-0.3718783588,17.2014928026
1470,-5.7601608538,3.392647957,21.2514401711
