idx,x,y,z
1238,-28.7859503275,-35.1061415167,-8.1649808816
1239,-27.2709503275,-28.9645099377,-8.5937177237
1240,-32.2220485731,-27.8307344991,-9.5890300044
1241,-34.3339628588,-33.0159059277,-5.3240585758
1242,-30.2549819065,-30.8509678325,-3.9666966711
1243,-30.8931652398,-26.3000011658,-4.3693800044
1244,-35.4759000883,-26.7039860143,-5.5907512165
1245,-34.3591701418,-31.6985501854,-0.2064143181
1246,-30.8108319065,-25.8764678325,1.325403329
1247,-34.7537961922,-23.7764535468,-0.2080823853
1248,-39.4814866684,-27.7700487848,1.7418938052
1249,-35.1038319065,-28.8963553325,4.903578329
1250,-32.2932319065,-24.7547178325,5.701953329
1251,-38.9080194065,-22.7169178325,4.759015829
1252,-39.3738450644,-27.3320888851,8.78607175
1253,-34.5215819065,-24.3790011658,10.4494366623
1254,-37.0326995535,-19.4236090089,8.299703329
1255,-41.8879503275,-22.0910362535,10.5324401711
1256,-39.247266117,-25.3065099377,13.8633349079
1257,-33.9983546337,-20.5260314688,13.9119760562
1258,-40.6944152398,-16.4025011658,13.031828329
1259,-42.5408944065,-21.0439178325,16.318265829
1260,-38.9896819065,-21.3618678325,19.485903329
1261,-39.8170104779,-15.741239261,22.7616557099
1262,-41.4747247636,-15.9489535468,18.0838461861
1263,-43.6137319065,-12.2322178325,15.989553329
