idx,x,y,z
1201,-37.2233187486,-27.9875099377,18.5214401711
1202,-33.7611444065,-24.8052303325,15.616390829
1203,-32.8045819065,-23.9613344991,20.4667699956
1204,-31.0638760241,-30.0946678325,20.1002327407
1205,-26.8939455428,-30.3296678325,19.9566124199
1206,-28.3752485731,-33.8027928325,14.6709949956
1207,-32.4641819065,-28.8372178325,14.382003329
1208,-27.4645152398,-25.6688011658,15.8467699956
1209,-24.4980104779,-30.1903821182,14.2211319004
1210,-28.8156319065,-31.3593678325,9.796003329
1211,-28.976266117,-26.2129309904,10.0335454342
1212,-22.7265819065,-25.7427730956,10.2351243816
1213,-24.0988819065,-31.7689178325,7.275953329
1214,-28.1383466123,-29.5742560678,4.428820976
1215,-25.4188450644,-24.1628257272,5.0618085921
1216,-19.9788450644,-27.5882994114,4.4304401711
1217,-23.0914240117,-31.2102467798,2.3331770132
1218,-25.7594909974,-26.609213287,0.1046124199
1219,-21.7562182701,-24.5186678325,-0.0107512165
1220,-20.6184390493,-27.452239261,-2.5125823853
1221,-24.0119819065,-27.9991678325,-4.3479966711
1222,-24.5787924328,-23.2637730956,-4.7262440395
1223,-19.8350819065,-24.9397678325,-7.0008966711
1224,-21.4113319065,-28.9808678325,-8.7343966711
