idx,x,y,z
1548,23.4302180935,-23.8874011658,-10.133496671
1549,24.6096323793,-20.0190964039,-13.1967252425
1550,24.4518347602,-22.9681678325,-17.4132133377
1551,27.2830847602,-18.6377511658,-17.3953800044
1552,30.2239475053,-19.3329619501,-14.9359437299
1553,28.0741453663,-24.7625769234,-16.0951148529
1554,31.3470609507,-24.9156678325,-18.7325109568
1555,34.8840847602,-23.9645344991,-14.7473633377
1556,32.2942817299,-22.4568041961,-12.4135239438
1557,28.895365462,-29.0218783588,-14.0016650921
1558,34.2585609507,-30.185239261,-12.4724395282
