idx,x,y,z
1583,13.9121680935,-42.9920428325,16.1859116623
1584,9.75435927,-40.7434913619,19.2212327407
1585,13.0992752364,-35.1627154515,20.8243699956
1586,15.3662752364,-36.6993344991,14.2994176147
1587,11.0446180935,-38.0320178325,12.531303329
1588,8.0554180935,-35.3649535468,17.977703329
