idx,x,y,z
1645,13.1384180935,-16.0828821182,19.0418461861
1646,11.423365462,-13.117352043,14.3264401711
1647,10.0694707251,-18.939352043,12.4488612237
1648,8.3145180935,-19.6410678325,18.985503329
1649,7.0158180935,-15.1625678325,17.589903329
1650,6.1981549357,-14.8636678325,12.6626506974
1651,4.4637710347,-21.2110795972,14.5159974466
1652,2.5615945641,-17.8496090089,20.0222327407
1653,0.4534180935,-15.1343041961,15.815703329
1654,-0.0360555907,-19.8528257272,12.5569138553
1655,-3.1147961922,-20.0256678325,16.4403461861
1656,-5.0447819065,-15.9250678325,15.926403329
1657,-2.8090029591,-15.3058257272,10.9839664868
1658,-6.4899319065,-20.9854178325,10.968653329
1659,-9.9269390493,-17.6988821182,13.4679890432
