idx,x,y,z
1613,20.7218886818,-37.4926090089,-14.018296671
1614,22.2122362754,-30.0049860143,-15.3802512165
1615,20.7953704745,-34.5064297372,-21.5717252425
1616,17.0847680935,-38.0759178325,-18.678346671
1617,16.0352680935,-31.7319178325,-15.359396671
1618,15.3133271845,-32.1271223779,-20.3001148529
1619,14.1987752364,-28.318739261,-17.9621538139
1620,10.9292038078,-32.3885249753,-17.0620823853
1621,6.0799444093,-31.0997730956,-13.7474545658
1622,11.7854180935,-33.4401678325,-10.948846671
