idx,x,y,z
1683,-11.1928091792,-5.0260769234,-24.9809784892
1684,-5.4644569065,-8.4610428325,-22.8715883377
1685,-10.1080485731,-9.0145344991,-27.7167633377
1686,-6.3827819065,-12.3882678325,-26.480596671
1687,-9.8698676207,-14.1089535468,-24.8868680996
1688,-6.8161082223,-17.9152467798,-23.6209808816
1689,-5.9063319065,-13.7933344991,-21.2489633377
1690,-10.2949152398,-12.1052511658,-20.991296671
1691,-12.237758377,-17.2561384207,-20.3659437299
1692,-6.7409319065,-18.5243678325,-16.944246671
1693,-8.4378676207,-12.7914535468,-15.3505109568
1694,-12.5176319065,-13.7271178325,-14.556096671
1695,-11.6034642594,-20.2892560678,-16.774179024
1696,-12.9100104779,-22.2600249753,-12.6935823853
1697,-13.4173819065,-21.0595678325,-6.1759966711
1698,-9.2234819065,-21.8382678325,-8.2336966711
1699,-8.176153335,-18.8568106896,-12.1450823853
1700,-11.6364909974,-16.7073041961,-9.7360239438
1701,-7.8264642594,-16.8431972442,-5.0520613769
1702,-4.5087924328,-14.5387730956,-8.7846650921
1703,-9.1337637246,-11.4787587416,-9.8784784892
1704,-11.3343713801,-10.8746678325,-5.7811914079
1705,-5.6789819065,-12.1647678325,-3.2984966711
1706,-5.4878760241,-7.524726656,-9.1809437299
1707,-9.2278450644,-5.1588783588,-5.5781387763
1708,-6.6922961922,-7.5209535468,-1.5670109568
1709,-2.4520104779,-6.6934535468,-3.5682966711
1710,-4.1363091792,-1.7448496507,-4.5997512165
1711,-2.2648819065,-4.3652678325,-7.9414966711
1712,-3.5680104779,-1.3703821182,-10.5854395282
1713,-8.4758319065,-1.6311261658,-8.3857550044
1714,-9.1335819065,1.1431655009,-10.938296671
1715,-8.6294390493,1.4920464533,-14.7264395282
1716,-6.1087924328,-1.8549309904,-16.0481914079
1717,-10.7657398012,-5.3935099377,-13.8333493026
1718,-12.8199455428,-0.8497587416,-11.7706603074
1719,-13.8817247636,1.2851178818,-14.9625109568
1720,-13.0435292749,-2.3006678325,-18.6097177237
1721,-15.8905292749,-6.1374573062,-14.8801914079
1722,-19.1837247636,-1.1155249753,-14.5090109568
1723,-18.4973676207,-1.4998821182,-19.542296671
1724,-22.344153335,-2.9638106896,-20.853296671
