idx,x,y,z
1589,11.9617038078,-31.677239261,17.516703329
1590,8.9685999117,-28.7498496506,14.7383396926
1591,12.8838764269,-25.4902511658,15.106078329
1592,15.0980609507,-32.1943106896,13.6366319004
1593,9.787365462,-33.3940888851,11.1221770132
1594,12.9980680935,-27.8577178325,8.775403329
1595,16.4925014269,-31.0680844991,9.9312866623
1596,14.2444180935,-36.3115678325,7.537203329
1597,11.7776680935,-32.0819803325,5.085828329
1598,16.2861055935,-29.4217303325,4.553515829
1599,18.7161680935,-34.2172303325,4.635265829
1600,14.3239970409,-36.3345625693,1.5173349079
1601,14.4936286199,-30.6455099377,-0.7746650921
1602,19.4683271845,-31.7773041961,-0.4303875801
1603,18.6678917778,-37.1069309904,-2.2998229868
1604,16.6243555935,-33.3562928325,-5.9426091711
1605,20.305846665,-31.3406678325,-4.7364395282
1606,23.564346665,-34.5123821182,-5.0125109568
1607,20.7664180935,-36.7169803325,-7.9966091711
1608,18.859733883,-33.4661415167,-11.1274019342
1609,24.4686908208,-31.5686678325,-9.9616603074
1610,25.1505014269,-35.5693344991,-12.7164633377
1611,27.2714707251,-33.3735099377,-17.1929808816
1612,24.4613128304,-38.1329836219,-18.3135071974
