idx,x,y,z
1660,-9.0087398012,-13.0064046746,11.4118085921
1661,-8.135153335,-15.788239261,7.8184176147
1662,-11.0894766433,-20.1318257272,8.2721770132
1663,-14.3030029591,-14.7548257272,9.2288612237
1664,-10.5500029591,-12.9141415167,4.4825980658
1665,-11.2448819065,-19.0613178325,2.279053329
1666,-16.9357924328,-18.0524573062,5.1095980658
1667,-16.0799569065,-13.0129803325,2.858828329
1668,-12.5044642594,-16.0369031266,-1.1210025534
1669,-16.8027819065,-20.6847178325,-0.443646671
1670,-20.0853187486,-16.0049836219,0.6288085921
1671,-18.0652485731,-12.019191642,-2.1363919091
1672,-16.3770364519,-17.4285769234,-5.308205762
1673,-20.7709503275,-19.8960888851,-4.4833493026
1674,-22.6440319065,-13.4642678325,-6.0663466711
1675,-19.6844390493,-14.527239261,-8.9867252425
1676,-17.6841701418,-17.8863737148,-11.5873554946
1677,-23.0632819065,-17.7777678325,-10.983996671
1678,-22.9937961922,-12.7115249753,-12.0267252425
1679,-18.1326819065,-12.5848178325,-14.204096671
1680,-19.1572819065,-10.1129678325,-16.848296671
1681,-15.4494866684,-10.6509535468,-21.6736776234
1682,-12.7235194065,-7.5092928325,-19.399734171
