idx,x,y,z
1524,30.1534180935,-36.3896678325,17.9895980658
1525,25.3218555935,-35.1450428325,18.123078329
1526,26.650846665,-32.9465964039,22.7370604718
1527,32.4568271845,-31.1315314688,19.650294238
1528,29.5963004465,-26.6441384207,20.090703329
1529,31.5518180935,-28.0813678325,16.408303329
1530,27.5076180935,-32.4307678325,14.729703329
1531,25.0458347602,-27.6221678325,14.7190366623
1532,28.8543555935,-24.3996053325,14.303140829
1533,30.3517038078,-28.1404535468,10.6932747575
1534,25.6260496725,-28.913720464,9.4375454342
1535,25.5458298582,-22.1124325383,10.219703329
1536,31.2885180935,-23.6732678325,7.129303329
1537,29.1705759883,-27.484720464,4.9131770132
1538,23.5968391462,-24.2305625693,4.95807175
1539,27.3932362754,-20.3757587416,4.2533396926
1540,30.6848391462,-23.0835099377,2.0668085921
1541,25.5876323793,-25.259739261,-0.6660109568
1542,23.8961827994,-18.8650207736,0.3477621525
1543,28.2278555935,-18.5201053325,-1.8355466711
1544,27.6650609507,-23.1004535468,-4.5508680996
1545,22.9765945641,-22.5293737148,-4.1777672593
1546,25.3475945641,-16.5109031266,-6.7160613769
1547,28.0444805935,-19.8701678325,-9.3177341711
