idx,x,y,z
1748,-18.6895819065,-4.1460964039,-11.0698680996
1749,-17.0795819065,0.2791742728,-9.2819808816
1750,-21.937634538,-2.7718257272,-6.5776650921
1751,-20.4409819065,-6.5055178325,-7.4277966711
1752,-14.3528819065,-4.9543178325,-8.1440466711
1753,-16.6177961922,-0.6983821182,-3.7107966711
1754,-18.7652961922,-4.259739261,-1.3179395282
1755,-13.7532961922,-8.1324297372,-1.3911061949
1756,-11.703634538,-2.1199836219,-1.2925598289
1757,-15.6317924328,-1.2856152009,3.2667559605
1758,-15.7760555907,-7.1278257272,3.99807175
1759,-10.9330364519,-6.7458496507,2.5731578744
1760,-9.0708319065,-1.4550678325,5.163053329
1761,-13.532634538,-3.8965625693,8.6772296447
1762,-11.3292134854,-9.2870888851,7.9427559605
1763,-6.6421444065,-6.9101678325,6.552078329
1764,-7.6228944065,-3.0258553325,10.208203329
1765,-9.631653335,-6.965239261,13.3795604718
1766,-5.2304642594,-9.6720207736,10.3759974466
1767,-1.7152009541,-4.6550964039,11.0372747575
1768,-5.9488450644,-4.9706152009,16.1154928026
1769,-3.8481819065,-9.1147678325,16.734603329
1770,0.3792601988,-8.9414573062,14.4472296447
1771,0.7302601988,-3.4420888851,16.8055454342
1772,-2.8689503275,-4.5238257272,20.8531243816
