idx,x,y,z
1559,34.126733883,-26.7951415167,-7.9435598289
1560,28.1239444093,-26.9125099377,-8.90192825
1561,29.0459180935,-31.6275678325,-8.8667966711
1562,34.0442362754,-32.5541223779,-7.467205762
1563,30.6348917778,-28.0195099377,-2.9217703553
1564,26.318846665,-30.0438821182,-4.6909395282
1565,28.4749970409,-35.7827730956,-3.98992825
1566,31.637733883,-33.0274573062,0.4742822763
1567,25.6325680935,-29.8262678325,1.460203329
1568,23.9521680935,-34.4614803325,-0.026546671
1569,27.4891180935,-36.9530678325,1.948303329
1570,29.1077865146,-33.8844573062,5.4421770132
1571,24.2201680935,-31.7880678325,5.413653329
1572,22.8627038078,-38.4289535468,4.554203329
1573,25.4821323793,-38.691239261,7.8719890432
1574,24.1482180935,-34.8403344991,10.595903329
1575,20.4362362754,-37.4540314688,9.0616124199
1576,22.3546812514,-41.9970888851,9.2579664869
1577,25.0983555935,-40.3079803325,13.694828329
1578,20.8955544572,-35.0971678325,14.4138396926
1579,17.2002075672,-40.6732994114,13.2942296447
1580,20.6467180935,-43.0627678325,15.998603329
1581,21.3258180935,-40.1243678325,18.938603329
1582,17.290733883,-37.3356152009,19.033703329
