idx,x,y,z
1623,9.8815847602,-27.2630428325,-14.801796671
1624,8.5429180935,-27.4742928325,-9.3626716711
1625,11.9115233567,-30.9625625693,-6.5196650921
1626,17.5797514269,-28.4934178325,-10.8102133377
1627,14.7467865146,-24.825352043,-10.1320861447
1628,13.1742180935,-26.2400678325,-4.7766966711
1629,19.1072930935,-28.1855011658,-6.7944633377
1630,18.4256286199,-21.8480362535,-3.4030335132
1631,15.4025609507,-24.0093821182,-0.4895823853
1632,20.1245014269,-27.1496678325,-0.9846300044
1633,19.537733883,-21.3492994114,1.9530191184
1634,14.8530496725,-22.5658783588,5.4611243816
1635,20.1281680935,-28.3965844991,7.461578329
1636,21.0139970409,-20.4591941483,8.0469138553
1637,15.7569444093,-21.094352043,10.4448085921
1638,19.5631264269,-27.5335011658,12.0832866623
1639,21.1845609507,-23.1255249753,13.9238461861
1640,20.4847180935,-19.4681678325,13.241203329
1641,21.2509180935,-14.8965769234,16.5979760562
1642,17.5077038078,-14.9493821182,16.8998461861
1643,16.4209970409,-16.268352043,12.2128612237
1644,16.7322930935,-21.3131261658,16.2776616623
