idx,x,y,z
1773,-2.4985,-9.45575,19.5557829827
1774,2.0846,-8.4899,20.3406579827
1775,1.05775,-4.923,23.0239079827
