idx,x,y,z
349,16.0171111111,-19.4881666667,-21.5506753506
350,10.2190909091,-19.0691363636,-23.55706929
351,10.1526363636,-14.6756818182,-20.0946147446
352,15.2471428571,-12.6670714286,-21.1269134459
353,13.4911111111,-7.79661111111,-20.0692309062
354,10.4145,-9.57935714286,-17.4349848744
355,13.0198181818,-13.5772272727,-14.5972511082
356,18.17275,-14.20125,-17.1903420173
357,20.1662857143,-12.5212142857,-14.7799134459
358,20.647625,-13.47,-10.1358420173
359,19.64925,-9.65025,-11.2310920173
360,17.7028888889,-9.58516666667,-14.9583420173
361,15.6541666667,-11.8988333333,-11.0588420173
362,17.6956363636,-10.0975909091,-6.78052383548
363,14.3358333333,-4.56725,-11.0265920173
364,11.5955714286,-8.69307142857,-11.2847705887
365,11.51675,-10.776875,-7.3407170173
366,11.931,-4.58695454545,-5.16888747184
367,8.36177777778,-5.00883333333,-9.95200868396
368,6.59842857143,-8.42835714286,-7.40662773158
369,8.0455,-6.57775,-2.7554670173
370,6.315,-3.1135,-4.98105630301
371,2.427125,-5.23875,-5.4913420173
372,4.71555555556,-2.14672222222,-10.5108975729
373,2.9095,-4.39933333333,-12.774008684
374,1.13714285714,-9.14942857143,-9.5328420173
375,-0.392166666667,-9.37416666667,-13.040008684
376,-1.658375,-7.040375,-16.1555920173
377,3.2865,-7.34175,-16.5463420173
378,5.408875,-9.815125,-14.9635920173
379,2.35871428571,-13.2673571429,-13.8327705887
380,-2.41645454545,-12.2280454545,-16.2164329264
381,2.60685714286,-12.4196428571,-19.2473420173
382,5.201,-15.626125,-17.1719670173
383,0.517,-17.43725,-16.8200920173
384,0.542,-16.7366111111,-22.0044531284
385,4.806,-20.1149285714,-21.4606277316
386,6.37708333333,-21.05775,-18.254758684
387,0.685714285714,-22.4560714286,-16.9387705887
388,0.879416666667,-24.7830833333,-13.3356753506
389,3.5712,-19.2277,-12.4397420173
