idx,x,y,z
151,22.9793636364,35.2001363636,-12.63606929
152,26.725,31.2365,-14.1830920173
155,30.1837142857,32.6360714286,-13.3619134459
156,27.7509166667,36.0384166667,-11.0020920173
157,26.9351428571,30.0369285714,-9.32648487444
158,30.6964285714,28.5510714286,-10.8386277316
