idx,x,y,z
184,37.007,17.9171,17.8200579827
185,43.0290909091,14.6501363636,15.90493071
186,40.464,10.74,17.8825329827
187,36.6998333333,12.686,18.4046579827
188,36.1936363636,14.6291363636,12.9371125282
189,38.3826363636,11.2825909091,11.9724761645
190,35.4826666667,8.31094444444,17.0632135383
191,31.249875,12.117375,14.7746579827
