idx,x,y,z
237,22.3151818182,15.8892272727,14.7104761645
238,15.9147777778,14.0711666667,17.798991316
239,14.36925,12.602875,13.1316579827
240,18.2547142857,10.8279285714,11.3716579827
241,19.0648333333,9.34283333333,15.183991316
242,15.3936,7.9209,15.5006579827
243,14.587125,7.159125,11.7305329827
244,19.065,5.1565,12.1916579827
245,17.4118333333,3.447,16.0668246494
246,14.7494285714,1.15607142857,14.2415151256
247,18.077875,-0.080125,11.2151579827
248,19.236,-2.22807142857,14.4166579827
249,15.778,-4.3695,14.8109079827
250,14.777125,-4.28125,11.0504079827
251,19.325125,-6.479625,10.8721579827
252,17.0143333333,-10.5553333333,11.829991316
