idx,x,y,z
214,36.3045,10.30425,-14.8470920173
215,33.0112727273,8.73659090909,-12.8484329264
216,29.2613333333,14.1971666667,-13.993008684
