idx,x,y,z
253,13.7941428571,-9.65264285714,9.20080083985
254,16.759875,-7.337375,6.6570329827
255,18.3232,-11.5119,6.5328579827
256,14.73,-14.080125,6.5314079827
257,13.422875,-11.018125,3.0560329827
258,18.1517142857,-11.2833571429,1.60722941128
259,17.983125,-16.1105,2.3176579827
260,12.4629090909,-15.5495909091,0.319476164522
261,14.2298181818,-11.4074090909,-2.52252383548
262,20.5119166667,-16.0255833333,-3.39992535063
263,16.29725,-18.97275,-2.5515920173
264,12.0404545455,-17.5775,-4.36170565366
265,16.2488,-15.6023,-7.7559420173
266,18.568125,-18.89675,-7.9057170173
267,14.084625,-20.979125,-8.0299670173
268,13.5226,-17.7161,-11.5045420173
269,16.9898571429,-17.4416428571,-13.2847705887
270,16.5475555556,-22.4741666667,-12.7894531284
271,11.878,-21.582,-13.7762170173
272,10.5031818182,-18.1756818182,-15.36606929
273,15.22425,-16.879,-18.5378420173
