idx,x,y,z
127,29.0062727273,31.5302272727,8.02120343725
128,28.326,26.786875,8.1985329827
129,23.527625,26.777875,8.8927829827
130,23.9281666667,32.3161666667,5.15899131604
131,26.91125,29.028875,3.3689079827
132,24.1845,24.855875,3.8321579827
133,20.4754285714,27.5943571429,2.7576579827
134,22.962625,30.336875,0.252657982704
135,25.10375,25.9245,-2.1067170173
136,21.18,25.2215,-2.1185920173
137,18.973125,28.369875,-2.9520920173
138,22.7768571429,27.9869285714,-5.94519916015
139,22.502625,23.379125,-6.0070920173
140,18.5,24.96075,-8.3330920173
141,19.251125,28.31475,-9.6278420173
142,23.7242222222,24.9846111111,-10.907008684
143,18.7551428571,23.2539285714,-12.7271991602
144,18.2985,26.706,-15.1596753506
145,18.3301111111,26.0227222222,-20.0102309062
146,18.1594285714,30.1730714286,-18.4603420173
147,20.7531818182,31.0653181818,-13.3977056537
148,23.573,28.555625,-15.8907170173
149,22.3643333333,31.1270555556,-20.675008684
150,22.9691666667,34.5196666667,-16.8853420173
