idx,x,y,z
217,29.163875,9.93675,-10.6173420173
218,31.975,12.286,-8.2829670173
219,30.3418181818,16.7524090909,-12.5255238355
220,26.0182857143,14.5673571429,-9.18305630301
221,27.582625,12.55825,-5.5222170173
222,30.1744545455,18.0739545455,-6.44843292639
223,24.0134285714,17.4642142857,-4.12948487444
224,25.15625,14.41875,-1.2013420173
225,27.3149090909,20.2024090909,-0.837342017296
226,22.491,20.112875,0.412657982704
227,21.9825454545,15.2075909091,2.80993070998
228,27.1227272727,20.0191363636,6.56611252816
229,20.849875,21.206125,6.7315329827
230,20.9404285714,16.9179285714,8.76994369699
231,24.8477142857,17.6553571429,10.3910865541
232,24.3504,21.4833,11.3574579827
233,20.5704285714,21.3767857143,12.122943697
234,19.8882857143,20.6953571429,15.5523722684
235,15.8471111111,19.8345,15.4493246494
236,16.896,17.52125,11.5436579827
