idx,x,y,z
390,-0.765357142857,-20.4250714286,-9.72791344587
391,2.49714285714,-21.7797857143,-7.93091344587
392,7.57063636364,-18.4752272727,-8.00879656275
393,5.45118181818,-15.2344090909,-8.89188747184
394,0.655875,-16.009375,-5.2337170173
395,3.33585714286,-17.9457857143,-2.84577058873
396,7.50190909091,-13.7985,-3.52579656275
397,3.03625,-12.018375,-3.0413420173
398,0.485363636364,-14.6572272727,0.444839800885
399,6.13428571429,-14.6693571429,2.31351512556
400,7.02542857143,-10.6359285714,0.943943696989
401,3.19442857143,-9.30021428571,2.33108655413
402,3.37627272727,-12.4124090909,7.28947616452
403,7.50085714286,-10.1275,6.5016579827
404,7.19475,-6.163875,5.1815329827
405,2.671625,-7.0025,7.8234079827
406,5.23525,-8.86875,10.8372829827
407,8.9005,-4.908375,9.7250329827
408,5.357,-2.55864285714,10.514943697
409,4.24628571429,-4.69692857143,14.062943697
410,7.9372,-3.9691,15.3196579827
411,8.793,-0.4585,13.9274079827
412,4.85216666667,0.0628333333333,16.0808246494
413,5.34157142857,-2.88921428571,19.245943697
414,9.375375,-2.263375,19.6540329827
415,7.9666,2.1381,20.4306579827
