idx,x,y,z
192,29.0384285714,9.98892857143,12.986943697
193,25.8914285714,13.1734285714,12.7506579827
194,31.9363333333,14.3943333333,11.3663246494
195,32.831375,10.793375,9.4462829827
196,27.9999090909,12.9747727273,5.77020343725
197,30.37175,16.563375,7.1976579827
198,36.0671818182,14.0940454545,5.68174889179
199,33.9677272727,10.5689545455,3.48956707361
200,30.2458571429,15.1199285714,1.56237226842
201,33.5915714286,17.9653571429,1.49422941128
202,35.6412,15.0673,-0.402942017296
203,32.912375,13.819625,-3.0178420173
204,33.1286666667,18.371,-3.56967535063
205,37.265,18.2475,-2.9637170173
206,36.8917142857,15.2246428571,-6.78619916015
207,38.5102857143,16.9296428571,-9.69205630301
208,35.2774285714,19.0486428571,-12.5857705887
209,37.0225,16.6531666667,-14.5243420173
210,38.244,13.364,-14.171508684
