idx,x,y,z
159,33.05225,31.5915,-8.9033420173
160,28.7261818182,30.7205,-4.12879656275
161,30.22,26.523125,-6.0414670173
162,35.8375555556,26.6478333333,-5.43589757285
163,33.79375,30.42425,-2.4529670173
164,31.3881428571,27.1313571429,-0.360056303011
165,34.608375,23.707125,-1.4685920173
166,37.0831428571,26.7786428571,0.318657982704
167,34.52875,28.273,3.3902829827
168,32.1058181818,24.0427727273,3.8616579827
169,37.9774285714,22.4490714286,3.53422941128
170,38.713375,25.901375,6.2031579827
171,34.0754444444,23.9822777778,8.69199131604
172,36.43825,19.98975,8.0919079827
173,40.689125,21.70875,8.8037829827
174,39.183625,24.464375,12.0104079827
175,34.6758181818,20.3915,12.5727488918
176,39.932375,17.756125,12.5774079827
177,43.7179166667,20.8939166667,13.8634079827
178,38.8892857143,21.3440714286,18.0770865541
