idx,x,y,z
772,-14.7229090909,43.0204090909,16.0831125282
774,-10.934,40.347125,17.9014079827
775,-12.7766666667,36.7445,18.498991316
776,-14.6095454545,36.1778636364,12.9868398009
777,-11.3915454545,38.4308636364,12.0494761645
778,-8.30611111111,35.5173888889,16.9962135383
779,-12.1605,31.196625,14.8014079827
