idx,x,y,z
863,19.4432222222,16.0863888889,-21.5804531284
864,19.0915454545,10.3289545455,-23.6002511082
865,14.5685454545,10.2111363636,-20.0806147446
866,12.6551428571,15.3376428571,-21.1191991602
867,7.79566666667,13.5661666667,-19.9893420173
868,9.6065,10.3712142857,-17.4401991602
869,13.5462727273,12.9686818182,-14.6197056537
870,14.103,18.19225,-17.1825920173
871,12.5441428571,20.1335,-14.7083420173
872,13.44175,20.722375,-10.1219670173
873,9.5955,19.6455,-11.2100920173
886,9.36844444444,17.6728333333,-14.8656753506
887,11.8941666667,15.6346666667,-11.0698420173
888,10.0531818182,17.6782272727,-6.72188747184
889,4.56166666667,14.3426666667,-10.988008684
890,8.661,11.6262142857,-11.283056303
891,10.78425,11.537625,-7.3560920173
892,4.65227272727,11.9691363636,-5.18870565366
893,5.05533333333,8.41927777778,-9.92178646174
894,8.48871428571,6.58007142857,-7.37805630301
895,6.54875,7.943125,-2.7735920173
896,3.11528571429,6.24178571429,-4.99977058872
897,5.265625,2.356,-5.5434670173
898,2.12866666667,4.6505,-10.5286753506
899,4.383,2.80083333333,-12.7856753506
900,9.15628571429,1.07607142857,-9.54091344587
901,9.46083333333,-0.3955,-13.070008684
902,7.083875,-1.70675,-16.1592170173
903,7.3145,3.21575,-16.4603420173
904,9.84175,5.424375,-14.9290920173
905,13.2654285714,2.36378571429,-13.8579134459
906,12.2068181818,-2.45486363636,-16.2152511082
907,12.3557142857,2.64492857143,-19.235056303
908,15.512125,5.24175,-17.1767170173
909,17.408,0.5135,-16.8224670173
910,16.7407777778,0.4875,-21.999008684
911,20.0784285714,4.77007142857,-21.4017705887
912,21.0359166667,6.37925,-18.2263420173
913,22.4217142857,0.686357142857,-16.887056303
