idx,x,y,z
737,-25.0644444444,23.6339444444,-10.9826753506
738,-23.1215714286,18.7105,-12.6614848744
739,-26.5265,18.2448333333,-15.1501753506
740,-25.9112222222,18.3506111111,-20.027008684
741,-31.0178181818,20.6537727273,-13.40506929
742,-28.55475,23.431,-15.9489670173
743,-31.1333333333,22.2092777778,-20.7462309062
744,-34.4895,22.6981666667,-16.995508684
745,-35.233,22.7858636364,-12.7611601991
746,-31.3155,26.59525,-14.3008420173
747,-32.6661428571,30.0516428571,-13.3464848744
