idx,x,y,z
826,-15.762,22.3704090909,14.7570216191
827,-14.6037777778,16.3133888889,17.7262135383
828,-12.88175,14.31325,13.3821579827
829,-10.9487142857,18.0582142857,11.390943697
830,-9.576,18.9255,15.1236579827
831,-7.9118,15.3483,15.5206579827
832,-7.15925,14.56425,11.7279079827
833,-5.217,19.101125,12.1695329827
834,-3.4355,17.364,16.0088246494
835,-1.23485714286,14.6799285714,14.1333722684
836,0.077625,17.768875,11.2512829827
837,2.15771428571,19.1112142857,14.5003722684
838,4.31,15.62775,14.7736579827
839,4.266,14.7505,11.0069079827
840,6.415375,19.285375,10.8546579827
841,10.402,17.0166666667,11.847991316
