idx,x,y,z
801,-16.81,37.0528333333,-14.464008684
802,-13.4866666667,38.1735,-14.077008684
803,-10.57125,36.103,-14.7613420173
804,-8.52790909091,32.7869545455,-12.9309783809
805,-14.1982222222,29.1627222222,-14.0967864617
