idx,x,y,z
748,-36.1379166667,27.6354166667,-10.9598420173
749,-30.052,26.8669285714,-9.3603420173
750,-28.5147142857,30.5857857143,-10.858056303
751,-31.57325,32.86475,-8.7978420173
752,-30.743,28.4672272727,-4.12406929002
753,-26.612625,30.101,-5.9097170173
754,-26.6581111111,35.7473888889,-5.50711979507
755,-30.362,33.763875,-2.4713420173
756,-27.1455714286,31.3145,-0.362484874439
757,-23.77,34.516,-1.4828420173
758,-26.6518571429,37.1227857143,0.318657982704
759,-28.291625,34.44325,3.3317829827
760,-24.0029090909,32.0634090909,3.92129434634
761,-22.5422857143,37.9663571429,3.60494369699
762,-25.952,38.8655,6.1720329827
763,-23.978,34.2187222222,8.62943576048
764,-20.0265,36.4065,8.1286579827
765,-21.849125,40.7295,8.7291579827
766,-24.564875,39.15675,11.9787829827
767,-20.3251818182,34.6794090909,12.6410216191
768,-17.837625,40.002625,12.6069079827
769,-21.1538333333,43.6626666667,13.865741316
770,-21.4522857143,38.8526428571,18.0435151256
771,-18.0394,36.9315,17.7974579827
