idx,x,y,z
914,24.7866666667,0.8845,-13.317508684
915,19.2532,3.6573,-12.3647420173
916,20.3273571429,-0.720142857143,-9.6708420173
917,21.7787142857,2.47964285714,-7.89762773158
918,18.5285454545,7.5355,-7.99825110821
919,15.171,5.50159090909,-8.8893420173
920,15.966125,0.662625,-5.2595920173
921,17.8318571429,3.33921428571,-2.84477058872
922,13.7509090909,7.55622727273,-3.47925110821
923,11.978,3.02425,-3.0692170173
924,14.5281818182,0.483863636364,0.430385255431
925,14.6551428571,6.12207142857,2.34822941128
926,10.557,6.97478571429,0.944229411275
927,9.25642857143,3.25978571429,2.38122941128
928,12.371,3.33459090909,7.30529434634
929,10.0265714286,7.5335,6.52151512556
930,6.17325,7.05825,5.1967829827
931,6.94375,2.61725,7.8332829827
932,8.7765,5.254375,10.8511579827
933,4.861375,8.93,9.6937829827
934,2.55228571429,5.40935714286,10.4010865541
935,4.541,4.19878571429,13.9740865541
936,4.0404,7.7585,15.3294579827
937,0.427625,8.93975,14.2420329827
938,-0.203666666667,5.07833333333,16.332491316
939,2.74957142857,5.32221428571,19.5093722684
