idx,x,y,z
842,9.57885714286,13.7816428571,9.19208655413
843,7.276875,16.72225,6.6727829827
844,11.3816,18.3313,6.5984579827
845,14.028875,14.7785,6.5662829827
846,10.906,13.547625,3.0730329827
847,11.1464285714,18.2066428571,1.61751512556
848,16.0605,18.0435,2.2856579827
849,15.484,12.4959545455,0.335476164522
850,11.4363636364,14.2030454545,-2.46816019911
851,15.915,20.5525833333,-3.38050868396
852,18.818125,16.4215,-2.5024670173
853,17.5699090909,12.0233181818,-4.32561474457
854,15.5034,16.1651,-7.7455420173
855,18.745375,18.62925,-7.8909670173
856,20.848875,14.096625,-8.0117170173
857,17.5838,13.6241,-11.5449420173
858,17.387,17.1106428571,-13.291056303
859,22.1947777778,16.7147222222,-12.7113420173
860,21.523625,11.84,-13.6928420173
861,18.1718181818,10.5807727273,-15.3577965628
862,16.8475,15.24325,-18.5035920173
