idx,x,y,z
717,-30.7123333333,27.3508333333,17.3941579827
718,-33.573,29.6262272727,13.2405670736
719,-28.2891818182,31.7354090909,12.82493071
720,-27.0684285714,27.0840714286,13.3595151256
721,-31.0378888889,24.3561666667,13.4095468716
722,-31.4829090909,29.0403181818,8.0236579827
723,-26.83125,28.156375,8.1574079827
724,-26.66025,23.401375,8.9757829827
725,-32.1805,23.852,5.19507464937
726,-29.011125,26.862875,3.3521579827
727,-24.93425,24.05,3.7762829827
728,-27.5452857143,20.2777857143,2.8026579827
729,-30.43125,23.071875,0.211907982704
730,-26.016375,24.886,-2.1270920173
731,-25.15375,20.999,-2.1393420173
732,-28.285625,18.87,-3.0547170173
733,-27.7528571429,22.6733571429,-5.99077058872
734,-23.22075,22.419375,-6.0927170173
735,-24.86,18.35675,-8.2723420173
736,-28.2405,19.055375,-9.5403420173
