idx,x,y,z
806,-10.060875,28.997625,-10.5827170173
807,-12.30675,31.969625,-8.3429670173
808,-16.8847272727,30.2195,-12.2727965628
809,-14.5952857143,26.0156428571,-9.28562773158
810,-12.5255,27.47175,-5.5978420173
811,-17.964,30.1845909091,-6.44425110821
812,-17.4235714286,23.9715,-4.18705630301
813,-14.433625,25.193375,-1.1764670173
814,-20.2394545455,27.3647727273,-0.882978380933
815,-20.022875,22.359,0.334532982704
816,-15.2405454545,21.8891363636,2.85456707361
817,-20.054,26.8902272727,6.51320343725
818,-21.20275,20.673125,6.7524079827
819,-16.8688571429,20.8482142857,8.76237226842
820,-17.5097142857,24.7136428571,10.3980865541
821,-21.3154,24.2031,11.4494579827
822,-21.375,20.4223571429,12.1710865541
823,-20.5318571429,19.8159285714,15.5793722684
824,-19.8118888889,15.7393888889,15.514991316
825,-17.46825,16.82,11.5891579827
