idx,x,y,z
780,-9.97042857143,28.9912142857,12.9988008398
781,-13.1992142857,25.7694285714,12.7665865541
782,-14.4868333333,31.8458333333,11.3101579827
783,-10.87325,32.786875,9.5282829827
784,-13.0057272727,28.0005,5.79393070998
785,-16.581625,30.31425,7.2572829827
786,-14.1719090909,36.0298636364,5.7056579827
787,-10.5900909091,33.7115,3.54974889179
788,-15.2001428571,30.1692142857,1.59537226842
789,-17.9187142857,33.6480714286,1.5246579827
790,-15.0824,35.7267,-0.523542017296
791,-13.9265,32.844375,-3.0387170173
792,-18.518,33.3301666667,-3.57800868396
793,-18.39975,37.40425,-2.8614670173
794,-15.4881428571,37.0676428571,-6.76448487444
795,-16.9082857143,38.3999285714,-9.79791344587
796,-19.0887142857,35.2179285714,-12.5227705887
