idx,x,y,z
1264,-36.6998333333,-12.686,18.4046579827
1266,-36.1936363636,-14.6291363636,12.9371125282
1267,-38.3826363636,-11.2825909091,11.9724761645
1268,-35.4826666667,-8.31094444444,17.0632135383
1269,-31.249875,-12.117375,14.7746579827
