idx,x,y,z
1225,-23.7242222222,-24.9846111111,-10.907008684
1226,-18.7551428571,-23.2539285714,-12.7271991602
1227,-18.2985,-26.706,-15.1596753506
1228,-18.3301111111,-26.0227222222,-20.0102309062
1229,-18.1594285714,-30.1730714286,-18.4603420173
1231,-20.7531818182,-31.0653181818,-13.3977056537
1232,-23.573,-28.555625,-15.8907170173
1233,-22.3643333333,-31.1270555556,-20.675008684
1234,-22.9691666667,-34.5196666667,-16.8853420173
1235,-22.9793636364,-35.2001363636,-12.63606929
1236,-26.725,-31.2365,-14.1830920173
1237,-30.1837142857,-32.6360714286,-13.3619134459
