idx,x,y,z
1360,-10.1526363636,14.6756818182,-20.0946147446
1361,-15.2471428571,12.6670714286,-21.1269134459
1400,-13.4911111111,7.79661111111,-20.0692309062
1401,-10.4145,9.57935714286,-17.4349848744
1402,-13.0198181818,13.5772272727,-14.5972511082
1403,-18.17275,14.20125,-17.1903420173
1404,-20.1662857143,12.5212142857,-14.7799134459
1405,-20.647625,13.47,-10.1358420173
1406,-19.64925,9.65025,-11.2310920173
1407,-17.7028888889,9.58516666667,-14.9583420173
1408,-15.6541666667,11.8988333333,-11.0588420173
1409,-17.6956363636,10.0975909091,-6.78052383548
1410,-14.3358333333,4.56725,-11.0265920173
1411,-11.5955714286,8.69307142857,-11.2847705887
1412,-11.51675,10.776875,-7.3407170173
1413,-11.931,4.58695454545,-5.16888747184
1414,-8.36177777778,5.00883333333,-9.95200868396
1415,-6.59842857143,8.42835714286,-7.40662773158
1416,-8.0455,6.57775,-2.7554670173
1417,-6.315,3.1135,-4.98105630301
1418,-2.427125,5.23875,-5.4913420173
1419,-4.71555555556,2.14672222222,-10.5108975729
1420,-2.9095,4.39933333333,-12.774008684
1421,-1.13714285714,9.14942857143,-9.5328420173
1422,0.392166666667,9.37416666667,-13.040008684
1423,1.658375,7.040375,-16.1555920173
1424,-3.2865,7.34175,-16.5463420173
1425,-5.408875,9.815125,-14.9635920173
1426,-2.35871428571,13.2673571429,-13.8327705887
1427,2.41645454545,12.2280454545,-16.2164329264
1438,-2.60685714286,12.4196428571,-19.2473420173
1439,-5.201,15.626125,-17.1719670173
1440,-0.517,17.43725,-16.8200920173
1441,-0.542,16.7366111111,-22.0044531284
1442,-4.806,20.1149285714,-21.4606277316
1443,-6.37708333333,21.05775,-18.254758684
