idx,x,y,z
1337,-13.7941428571,9.65264285714,9.20080083985
1338,-16.759875,7.337375,6.6570329827
1339,-18.3232,11.5119,6.5328579827
1340,-14.73,14.080125,6.5314079827
1341,-13.422875,11.018125,3.0560329827
1342,-18.1517142857,11.2833571429,1.60722941128
1343,-17.983125,16.1105,2.3176579827
1344,-12.4629090909,15.5495909091,0.319476164522
1345,-14.2298181818,11.4074090909,-2.52252383548
1346,-20.5119166667,16.0255833333,-3.39992535063
1347,-16.29725,18.97275,-2.5515920173
1348,-12.0404545455,17.5775,-4.36170565366
1349,-16.2488,15.6023,-7.7559420173
1350,-18.568125,18.89675,-7.9057170173
1351,-14.084625,20.979125,-8.0299670173
1352,-13.5226,17.7161,-11.5045420173
1353,-16.9898571429,17.4416428571,-13.2847705887
1354,-16.5475555556,22.4741666667,-12.7894531284
1355,-11.878,21.582,-13.7762170173
1356,-10.5031818182,18.1756818182,-15.36606929
1357,-15.22425,16.879,-18.5378420173
1358,-16.0171111111,19.4881666667,-21.5506753506
1359,-10.2190909091,19.0691363636,-23.55706929
