idx,x,y,z
1201,-36.30725,-30.355,16.2840329827
1202,-34.6622857143,-26.0109285714,16.1400865541
1203,-32.8722222222,-25.2993888889,20.0558802049
1204,-31.1211666667,-29.6865,17.8361579827
1205,-27.6083333333,-30.9533333333,17.3368246494
1206,-29.5751818182,-33.6604090909,13.0737488918
1207,-31.857,-28.2171363636,12.8490216191
1208,-27.1118571429,-27.1026428571,13.3982294113
1209,-24.3373333333,-31.0337222222,13.4108802049
1210,-29.0062727273,-31.5302272727,8.02120343725
1211,-28.326,-26.786875,8.1985329827
1212,-23.527625,-26.777875,8.8927829827
1213,-23.9281666667,-32.3161666667,5.15899131604
1214,-26.91125,-29.028875,3.3689079827
1215,-24.1845,-24.855875,3.8321579827
1216,-20.4754285714,-27.5943571429,2.7576579827
1217,-22.962625,-30.336875,0.252657982704
1218,-25.10375,-25.9245,-2.1067170173
1219,-21.18,-25.2215,-2.1185920173
1220,-18.973125,-28.369875,-2.9520920173
1221,-22.7768571429,-27.9869285714,-5.94519916015
1222,-22.502625,-23.379125,-6.0070920173
1223,-18.5,-24.96075,-8.3330920173
1224,-19.251125,-28.31475,-9.6278420173
