idx,x,y,z
1238,-27.7509166667,-36.0384166667,-11.0020920173
1239,-26.9351428571,-30.0369285714,-9.32648487444
1240,-30.6964285714,-28.5510714286,-10.8386277316
1241,-33.05225,-31.5915,-8.9033420173
1242,-28.7261818182,-30.7205,-4.12879656275
1243,-30.22,-26.523125,-6.0414670173
1244,-35.8375555556,-26.6478333333,-5.43589757285
1245,-33.79375,-30.42425,-2.4529670173
1246,-31.3881428571,-27.1313571429,-0.360056303011
1247,-34.608375,-23.707125,-1.4685920173
1248,-37.0831428571,-26.7786428571,0.318657982704
1249,-34.52875,-28.273,3.3902829827
1250,-32.1058181818,-24.0427727273,3.8616579827
1251,-37.9774285714,-22.4490714286,3.53422941128
1252,-38.713375,-25.901375,6.2031579827
1253,-34.0754444444,-23.9822777778,8.69199131604
1254,-36.43825,-19.98975,8.0919079827
1255,-40.689125,-21.70875,8.8037829827
1256,-39.183625,-24.464375,12.0104079827
1257,-34.6758181818,-20.3915,12.5727488918
1258,-39.932375,-17.756125,12.5774079827
1259,-43.7179166667,-20.8939166667,13.8634079827
1260,-38.8892857143,-21.3440714286,18.0770865541
1261,-37.007,-17.9171,17.8200579827
1262,-43.0290909091,-14.6501363636,15.90493071
1263,-40.464,-10.74,17.8825329827
