idx,x,y,z
1270,-29.0384285714,-9.98892857143,12.986943697
1271,-25.8914285714,-13.1734285714,12.7506579827
1272,-31.9363333333,-14.3943333333,11.3663246494
1273,-32.831375,-10.793375,9.4462829827
1274,-27.9999090909,-12.9747727273,5.77020343725
1275,-30.37175,-16.563375,7.1976579827
1276,-36.0671818182,-14.0940454545,5.68174889179
1277,-33.9677272727,-10.5689545455,3.48956707361
1278,-30.2458571429,-15.1199285714,1.56237226842
1279,-33.5915714286,-17.9653571429,1.49422941128
1280,-35.6412,-15.0673,-0.402942017296
1281,-32.912375,-13.819625,-3.0178420173
1282,-33.1286666667,-18.371,-3.56967535063
1283,-37.265,-18.2475,-2.9637170173
1284,-36.8917142857,-15.2246428571,-6.78619916015
1285,-38.5102857143,-16.9296428571,-9.69205630301
1286,-35.2774285714,-19.0486428571,-12.5857705887
1287,-37.0225,-16.6531666667,-14.5243420173
1288,-38.244,-13.364,-14.171508684
1289,-36.3045,-10.30425,-14.8470920173
