idx,x,y,z
1444,-0.685714285714,22.4560714286,-16.9387705887
1445,-0.879416666667,24.7830833333,-13.3356753506
1446,-3.5712,19.2277,-12.4397420173
1447,0.765357142857,20.4250714286,-9.72791344587
1448,-2.49714285714,21.7797857143,-7.93091344587
1449,-7.57063636364,18.4752272727,-8.00879656275
1450,-5.45118181818,15.2344090909,-8.89188747184
1451,-0.655875,16.009375,-5.2337170173
1452,-3.33585714286,17.9457857143,-2.84577058873
1453,-7.50190909091,13.7985,-3.52579656275
1454,-3.03625,12.018375,-3.0413420173
1455,-0.485363636364,14.6572272727,0.444839800885
1456,-6.13428571429,14.6693571429,2.31351512556
1457,-7.02542857143,10.6359285714,0.943943696989
1458,-3.19442857143,9.30021428571,2.33108655413
1459,-3.37627272727,12.4124090909,7.28947616452
1460,-7.50085714286,10.1275,6.5016579827
1461,-7.19475,6.163875,5.1815329827
1462,-2.671625,7.0025,7.8234079827
1463,-5.23525,8.86875,10.8372829827
1464,-8.9005,4.908375,9.7250329827
1465,-5.357,2.55864285714,10.514943697
1466,-4.24628571429,4.69692857143,14.062943697
1467,-7.9372,3.9691,15.3196579827
1468,-8.793,0.4585,13.9274079827
1469,-4.85216666667,-0.0628333333333,16.0808246494
1470,-5.34157142857,2.88921428571,19.245943697
