idx,x,y,z
1299,-33.0112727273,-8.73659090909,-12.8484329264
1300,-29.2613333333,-14.1971666667,-13.993008684
1301,-29.163875,-9.93675,-10.6173420173
1302,-31.975,-12.286,-8.2829670173
1303,-30.3418181818,-16.7524090909,-12.5255238355
1304,-26.0182857143,-14.5673571429,-9.18305630301
1305,-27.582625,-12.55825,-5.5222170173
1306,-30.1744545455,-18.0739545455,-6.44843292639
1307,-24.0134285714,-17.4642142857,-4.12948487444
1308,-25.15625,-14.41875,-1.2013420173
1309,-27.3149090909,-20.2024090909,-0.837342017296
1310,-22.491,-20.112875,0.412657982704
1311,-21.9825454545,-15.2075909091,2.80993070998
1312,-27.1227272727,-20.0191363636,6.56611252816
1313,-20.849875,-21.206125,6.7315329827
1314,-20.9404285714,-16.9179285714,8.76994369699
1315,-24.8477142857,-17.6553571429,10.3910865541
1316,-24.3504,-21.4833,11.3574579827
1317,-20.5704285714,-21.3767857143,12.122943697
