idx,x,y,z
1622,8.52790909091,-32.7869545455,-12.9309783809
