idx,x,y,z
1559,32.6661428571,-30.0516428571,-13.3464848744
1560,36.1379166667,-27.6354166667,-10.9598420173
1561,30.052,-26.8669285714,-9.3603420173
1562,28.5147142857,-30.5857857143,-10.858056303
1563,31.57325,-32.86475,-8.7978420173
1564,26.612625,-30.101,-5.9097170173
1565,26.6581111111,-35.7473888889,-5.50711979507
1566,30.362,-33.763875,-2.4713420173
1567,27.1455714286,-31.3145,-0.362484874439
1568,23.77,-34.516,-1.4828420173
1569,26.6518571429,-37.1227857143,0.318657982704
1570,28.291625,-34.44325,3.3317829827
1571,24.0029090909,-32.0634090909,3.92129434634
1572,22.5422857143,-37.9663571429,3.60494369699
1573,25.952,-38.8655,6.1720329827
1574,23.978,-34.2187222222,8.62943576048
1575,20.0265,-36.4065,8.1286579827
1576,21.849125,-40.7295,8.7291579827
1577,24.564875,-39.15675,11.9787829827
1578,20.3251818182,-34.6794090909,12.6410216191
1579,17.837625,-40.002625,12.6069079827
1580,21.1538333333,-43.6626666667,13.865741316
1581,21.4522857143,-38.8526428571,18.0435151256
1582,18.0394,-36.9315,17.7974579827
