idx,x,y,z
1589,12.1605,-31.196625,14.8014079827
1590,9.97042857143,-28.9912142857,12.9988008398
1591,13.1992142857,-25.7694285714,12.7665865541
1592,14.4868333333,-31.8458333333,11.3101579827
1593,10.87325,-32.786875,9.5282829827
1594,13.0057272727,-28.0005,5.79393070998
1595,16.581625,-30.31425,7.2572829827
1596,14.1719090909,-36.0298636364,5.7056579827
1597,10.5900909091,-33.7115,3.54974889179
1598,15.2001428571,-30.1692142857,1.59537226842
1599,17.9187142857,-33.6480714286,1.5246579827
1600,15.0824,-35.7267,-0.523542017296
1601,13.9265,-32.844375,-3.0387170173
1602,18.518,-33.3301666667,-3.57800868396
1603,18.39975,-37.40425,-2.8614670173
1604,15.4881428571,-37.0676428571,-6.76448487444
1605,16.9082857143,-38.3999285714,-9.79791344587
1606,19.0887142857,-35.2179285714,-12.5227705887
1607,16.81,-37.0528333333,-14.464008684
1608,13.4866666667,-38.1735,-14.077008684
1609,10.57125,-36.103,-14.7613420173
