idx,x,y,z
1748,-19.2532,-3.6573,-12.3647420173
1749,-20.3273571429,0.720142857143,-9.6708420173
1750,-21.7787142857,-2.47964285714,-7.89762773158
1751,-18.5285454545,-7.5355,-7.99825110821
1752,-15.171,-5.50159090909,-8.8893420173
1753,-15.966125,-0.662625,-5.2595920173
1754,-17.8318571429,-3.33921428571,-2.84477058872
1755,-13.7509090909,-7.55622727273,-3.47925110821
1756,-11.978,-3.02425,-3.0692170173
1757,-14.5281818182,-0.483863636364,0.430385255431
1758,-14.6551428571,-6.12207142857,2.34822941128
1759,-10.557,-6.97478571429,0.944229411275
1760,-9.25642857143,-3.25978571429,2.38122941128
1761,-12.371,-3.33459090909,7.30529434634
1762,-10.0265714286,-7.5335,6.52151512556
1763,-6.17325,-7.05825,5.1967829827
1764,-6.94375,-2.61725,7.8332829827
1765,-8.7765,-5.254375,10.8511579827
1766,-4.861375,-8.93,9.6937829827
1767,-2.55228571429,-5.40935714286,10.4010865541
1768,-4.541,-4.19878571429,13.9740865541
1769,-4.0404,-7.7585,15.3294579827
1770,-0.427625,-8.93975,14.2420329827
1771,0.203666666667,-5.07833333333,16.332491316
1772,-2.74957142857,-5.32221428571,19.5093722684
