idx,x,y,z
1660,-9.57885714286,-13.7816428571,9.19208655413
1661,-7.276875,-16.72225,6.6727829827
1662,-11.3816,-18.3313,6.5984579827
1663,-14.028875,-14.7785,6.5662829827
1664,-10.906,-13.547625,3.0730329827
1665,-11.1464285714,-18.2066428571,1.61751512556
1666,-16.0605,-18.0435,2.2856579827
1667,-15.484,-12.4959545455,0.335476164522
1668,-11.4363636364,-14.2030454545,-2.46816019911
1669,-15.915,-20.5525833333,-3.38050868396
1670,-18.818125,-16.4215,-2.5024670173
1671,-17.5699090909,-12.0233181818,-4.32561474457
1672,-15.5034,-16.1651,-7.7455420173
1673,-18.745375,-18.62925,-7.8909670173
1674,-20.848875,-14.096625,-8.0117170173
1675,-17.5838,-13.6241,-11.5449420173
1676,-17.387,-17.1106428571,-13.291056303
1677,-22.1947777778,-16.7147222222,-12.7113420173
1678,-21.523625,-11.84,-13.6928420173
1679,-18.1718181818,-10.5807727273,-15.3577965628
1680,-16.8475,-15.24325,-18.5035920173
1681,-19.4432222222,-16.0863888889,-21.5804531284
1682,-19.0915454545,-10.3289545455,-23.6002511082
