idx,x,y,z
1623,14.1982222222,-29.1627222222,-14.0967864617
1624,10.060875,-28.997625,-10.5827170173
1625,12.30675,-31.969625,-8.3429670173
1626,16.8847272727,-30.2195,-12.2727965628
1627,14.5952857143,-26.0156428571,-9.28562773158
1628,12.5255,-27.47175,-5.5978420173
1629,17.964,-30.1845909091,-6.44425110821
1630,17.4235714286,-23.9715,-4.18705630301
1631,14.433625,-25.193375,-1.1764670173
1632,20.2394545455,-27.3647727273,-0.882978380933
1633,20.022875,-22.359,0.334532982704
1634,15.2405454545,-21.8891363636,2.85456707361
1635,20.054,-26.8902272727,6.51320343725
1636,21.20275,-20.673125,6.7524079827
1637,16.8688571429,-20.8482142857,8.76237226842
1638,17.5097142857,-24.7136428571,10.3980865541
1639,21.3154,-24.2031,11.4494579827
1640,21.375,-20.4223571429,12.1710865541
1641,20.5318571429,-19.8159285714,15.5793722684
1642,19.8118888889,-15.7393888889,15.514991316
1643,17.46825,-16.82,11.5891579827
1644,15.762,-22.3704090909,14.7570216191
