idx,x,y,z
1524,30.480375,-36.1655,16.3029079827
1525,26.1124285714,-34.6997857143,16.0826579827
1526,25.2227777778,-32.8111666667,20.0633246494
1527,29.5556666667,-31.0658333333,17.9461579827
1528,30.7123333333,-27.3508333333,17.3941579827
1529,33.573,-29.6262272727,13.2405670736
1530,28.2891818182,-31.7354090909,12.82493071
1531,27.0684285714,-27.0840714286,13.3595151256
1532,31.0378888889,-24.3561666667,13.4095468716
1533,31.4829090909,-29.0403181818,8.0236579827
1534,26.83125,-28.156375,8.1574079827
1535,26.66025,-23.401375,8.9757829827
1536,32.1805,-23.852,5.19507464937
1537,29.011125,-26.862875,3.3521579827
1538,24.93425,-24.05,3.7762829827
1539,27.5452857143,-20.2777857143,2.8026579827
1540,30.43125,-23.071875,0.211907982704
1541,26.016375,-24.886,-2.1270920173
1542,25.15375,-20.999,-2.1393420173
1543,28.285625,-18.87,-3.0547170173
1544,27.7528571429,-22.6733571429,-5.99077058872
1545,23.22075,-22.419375,-6.0927170173
1546,24.86,-18.35675,-8.2723420173
1547,28.2405,-19.055375,-9.5403420173
