idx,x,y,z
416,4.539625,0.62225,22.9515329827
417,-28.925125,45.8705,18.0580329827
418,-24.1315833333,42.8598333333,21.1591579827
419,-27.538875,41.71775,23.4866579827
420,-32.1271818182,42.9857727273,18.0314761645
421,-27.472125,40.544625,16.9160329827
422,-25.9612857143,38.3986428571,20.2426579827
423,-29.832125,36.633,21.2881579827
424,-30.480375,36.1655,16.3029079827
425,-26.1124285714,34.6997857143,16.0826579827
426,-25.2227777778,32.8111666667,20.0633246494
427,-29.5556666667,31.0658333333,17.9461579827
