idx,x,y,z
940,2.4985,9.45575,19.5557829827
941,-2.0846,8.4899,20.3406579827
942,-1.05775,4.923,23.0239079827
943,-45.732,-29.017375,18.1735329827
944,-42.90075,-24.0403333333,21.2134079827
945,-41.8065,-27.529,23.5997829827
946,-43.1149090909,-32.1905,18.2708398009
947,-40.623375,-27.49775,17.0247829827
948,-38.424,-25.9179285714,20.2518008398
949,-36.682,-29.748875,21.4132829827
