idx,x,y,z
1471,-9.375375,2.263375,19.6540329827
1472,-7.9666,-2.1381,20.4306579827
1473,-4.539625,-0.62225,22.9515329827
1474,28.925125,-45.8705,18.0580329827
1475,24.1315833333,-42.8598333333,21.1591579827
1476,27.538875,-41.71775,23.4866579827
1477,32.1271818182,-42.9857727273,18.0314761645
1521,27.472125,-40.544625,16.9160329827
1522,25.9612857143,-38.3986428571,20.2426579827
1523,29.832125,-36.633,21.2881579827
