idx,x,y,z
111,45.732,29.017375,18.1735329827
112,42.90075,24.0403333333,21.2134079827
113,41.8065,27.529,23.5997829827
114,43.1149090909,32.1905,18.2708398009
115,40.623375,27.49775,17.0247829827
116,38.424,25.9179285714,20.2518008398
117,36.682,29.748875,21.4132829827
118,36.30725,30.355,16.2840329827
119,34.6622857143,26.0109285714,16.1400865541
120,32.8722222222,25.2993888889,20.0558802049
121,31.1211666667,29.6865,17.8361579827
122,27.6083333333,30.9533333333,17.3368246494
123,29.5751818182,33.6604090909,13.0737488918
124,31.857,28.2171363636,12.8490216191
125,27.1118571429,27.1026428571,13.3982294113
126,24.3373333333,31.0337222222,13.4108802049
