year,yes,no
1996,0.0,1.0
1997,0,0
1998,0.333333333333,1.0
1999,0.333333333333,1.0
2000,0.583333333333,1.0
2001,0.857142857143,1.0
2002,0.636363636364,1.0
2003,0.636363636364,1.0
2004,0.555555555556,1.0
2005,0.357142857143,1.0
2006,0.428571428571,1.0
2007,0.85,1.0
2008,0.692307692308,1.0
2009,0.388888888889,1.0
2010,0.1,1.0
2011,0.260869565217,1.0
2012,0.210526315789,1.0
2013,0.375,1.0
2014,0.244897959184,1.0
2015,0.131578947368,1.0
