x,average_residue_mass,percent_buried_residues,v_waals,polarity_ranking,charge,hydrophobicity,helix_propensity
0.7,30.0257,23.0,15.0,-9.0,-1,29.0,0.28
0.7206896551724138,30.0257,23.0,15.0,-9.0,-1,29.0,0.28
0.7413793103448275,12.054400000000001,40.0,31.0,-11.0,0,18.5,-0.25000000000000006
0.7620689655172413,-27.072100000000006,20.0,-39.0,3.0,-2,-4.8,0.19000000000000003
0.7827586206896552,44.0098,-23.5,24.0,10.0,-1,-4.8,0.69
0.8034482758620689,-19.046400000000006,19.0,-30.0,-5.0,0,-0.5,0.4
0.8241379310344827,-14.070300000000017,5.8,-39.0,-4.0,-1,1.6,0.39
0.8448275862068966,43.02810000000001,-41.0,24.0,12.0,1,-20.3,0.0
0.8655172413793103,42.0806,19.0,57.0,-7.0,0,14.4,-0.39
0.8862068965517241,-0.9847000000000037,-4.5,5.0,-3.0,1,1.4,-0.039999999999999925
0.9068965517241379,-19.046400000000006,19.0,-30.0,-5.0,0,-0.5,0.4
0.9275862068965517,-19.046400000000006,19.0,-30.0,-5.0,0,-0.5,0.4
0.9482758620689655,19.046400000000006,-19.0,30.0,5.0,0,0.5,-0.4
0.9689655172413794,-19.046400000000006,19.0,-30.0,-5.0,0,-0.5,0.4
0.9896551724137931,99.13560000000001,-37.0,100.0,4.0,1,3.9,-0.79
1.010344827586207,43.02810000000001,-41.0,24.0,12.0,1,-20.3,0.0
1.0310344827586206,-53.0428,47.0,-62.0,-8.0,-1,4.4,0.4700000000000001
1.0517241379310345,-28.01339999999999,4.2,-13.0,5.0,0,-5.0,0.05000000000000002
1.0724137931034483,72.0635,-17.0,61.0,7.0,-1,-0.9,-0.6
1.0931034482758621,26.0813,41.0,51.0,-13.0,0,21.9,-0.09000000000000002
1.113793103448276,14.026899999999998,9.0,19.0,-3.0,0,7.999999999999998,-0.2
1.1344827586206896,99.13560000000001,-37.0,100.0,4.0,1,3.9,-0.79
1.1551724137931034,99.13560000000001,-37.0,100.0,4.0,1,3.9,-0.79
1.1758620689655173,-53.0428,47.0,-62.0,-8.0,-1,4.4,0.4700000000000001
1.196551724137931,-99.13560000000001,37.0,-100.0,-4.0,-1,-3.9,0.79
1.217241379310345,-19.046400000000006,19.0,-30.0,-5.0,0,-0.5,0.4
1.2379310344827585,16.0428,17.0,34.0,-10.0,0,14.5,-2.95
1.2586206896551726,-14.026899999999998,-9.0,-19.0,3.0,0,-7.999999999999998,0.2
1.2793103448275862,99.13560000000001,-37.0,100.0,4.0,1,3.9,-0.79
1.3,99.13560000000001,-37.0,100.0,4.0,1,3.9,-0.79
