x,average_residue_mass,percent_buried_residues,v_waals,polarity_ranking,charge,hydrophobicity,helix_propensity
0.7,30.0257,23.0,15.0,-9.0,-1,29.0,0.28
0.720689655172,30.0257,23.0,15.0,-9.0,-1,29.0,0.28
0.741379310345,12.054400000000001,40.0,31.0,-11.0,0,18.5,-0.25000000000000006
0.762068965517,-27.072100000000006,20.0,-39.0,3.0,-2,-4.8,0.19000000000000003
0.78275862069,44.0098,-23.5,24.0,10.0,-1,-4.8,0.69
0.803448275862,-19.046400000000006,19.0,-30.0,-5.0,0,-0.5,0.4
0.824137931034,-14.070300000000017,5.8,-39.0,-4.0,-1,1.6,0.39
0.844827586207,43.02810000000001,-41.0,24.0,12.0,1,-20.3,0.0
0.865517241379,42.0806,19.0,57.0,-7.0,0,14.4,-0.39
0.886206896552,-0.9847000000000037,-4.5,5.0,-3.0,1,1.4,-0.039999999999999925
0.906896551724,-19.046400000000006,19.0,-30.0,-5.0,0,-0.5,0.4
0.927586206897,-19.046400000000006,19.0,-30.0,-5.0,0,-0.5,0.4
0.948275862069,19.046400000000006,-19.0,30.0,5.0,0,0.5,-0.4
0.968965517241,-19.046400000000006,19.0,-30.0,-5.0,0,-0.5,0.4
0.989655172414,99.13560000000001,-37.0,100.0,4.0,1,3.9,-0.79
1.01034482759,43.02810000000001,-41.0,24.0,12.0,1,-20.3,0.0
1.03103448276,-53.0428,47.0,-62.0,-8.0,-1,4.4,0.4700000000000001
1.05172413793,-28.01339999999999,4.2,-13.0,5.0,0,-5.0,0.05000000000000002
1.0724137931,72.0635,-17.0,61.0,7.0,-1,-0.9,-0.6
1.09310344828,26.0813,41.0,51.0,-13.0,0,21.9,-0.09000000000000002
1.11379310345,14.026899999999998,9.0,19.0,-3.0,0,7.999999999999998,-0.2
1.13448275862,99.13560000000001,-37.0,100.0,4.0,1,3.9,-0.79
1.15517241379,99.13560000000001,-37.0,100.0,4.0,1,3.9,-0.79
1.17586206897,-53.0428,47.0,-62.0,-8.0,-1,4.4,0.4700000000000001
1.19655172414,-99.13560000000001,37.0,-100.0,-4.0,-1,-3.9,0.79
1.21724137931,-19.046400000000006,19.0,-30.0,-5.0,0,-0.5,0.4
1.23793103448,16.0428,17.0,34.0,-10.0,0,14.5,-2.95
1.25862068966,-14.026899999999998,-9.0,-19.0,3.0,0,-7.999999999999998,0.2
1.27931034483,99.13560000000001,-37.0,100.0,4.0,1,3.9,-0.79
1.3,99.13560000000001,-37.0,100.0,4.0,1,3.9,-0.79
