xaxis,xlabel,density,relative-density
1,N-terminus,0.277777777778,-0.0248015873016
2,Domain 1,0.325259515571,0.0226801504916
3,Linker D1-D2,0.27027027027,-0.0323090948091
4,Domain 2,0.285087719298,-0.0174916457811
5,Linker D2-D3,0.191570881226,-0.111008483853
6,Domain 3,0.359259259259,0.0566798941799
7,Linker D3-D4,0.660377358491,0.357797993411
8,Domain 4,0.36546184739,0.0628824823102
9,C-terminus,0.258196721311,-0.0443826437679
