idx,x,y
9,-1.01250850554,-3.98883139982
18,-1.03862759047,-6.23674569934
34,-1.07764362222,-10.2588213899
35,-1.07887151582,-10.5101868862
43,-1.07918848494,-12.5158640586
48,-1.06724245802,-13.763596897
70,0.0586128457448,-14.2615666403
87,0.076210335728,-10.007576596
137,-4.34796405057e-17,2.17391117608
190,1.97406418035,-0.499931811102
216,2.96321979567,5.24470418268
219,3.0,4.47368429323
225,3.0,2.89473708741
245,3.6255455832,-1.83280133676
294,4.0,9.5
298,4.78043019934,10.0166087933
336,6.0,2.0
351,6.00864012865,5.75017752808
376,6.95886073193,8.50073257323
439,6.87527466796,-5.96057291788
462,6.84575453593,-11.772836758
468,6.86013115463,-13.2865318894
524,7.8998097449,-11.0117767757
526,7.89608024906,-10.5045381503
528,7.89296947464,-9.99709641812
532,7.88880501486,-8.98269757643
551,7.92357668926,-4.21936630196
552,7.92915444667,-3.97193776253
555,7.94952903655,-3.23115077508
558,7.97674457954,-2.49208910043
567,9.0,-2.0
569,9.02325412888,-2.49205875564
572,9.05046859159,-3.23107594687
615,9.06717919989,-14.037496699
618,9.05665218866,-14.7868404627
620,9.04924041594,-15.2846519192
627,9.02127773429,-17.0176355327
632,9.0,-18.25
647,10.0783271119,-16.2778981626
680,10.1505063184,-7.97149215071
692,10.1045286925,-4.96382793479
701,10.0345550107,-2.73843941019
750,11.0,4.56521790936
800,12.0367802043,5.24470418268
965,16.8747402608,-6.56606027355
986,16.8778791521,-11.9389112938
1008,17.8468922778,-16.7091437326
1023,17.9466345697,-12.9565655111
1053,17.9118871579,-5.29194137592
1090,19.0959089194,-6.31042634113
1113,19.0637053818,-12.1926101462
1140,20.0348323954,-15.4921828813
1193,20.0,-2.0
1206,20.0,1.08695531242
1250,21.0,2.60000363169
1275,22.0,1.19047563775
1304,23.0,3.09523884948
1319,23.0077493611,-0.501175303098
1320,23.0252668807,-0.751190827319
1340,24.0,0.681817645371
1432,26.8469988069,7.96445758513
1495,28.0598784827,-1.72151050422
1501,29.0131471501,-2.24987723154
1512,30.0140875168,-3.00000220183
1520,29.9686890247,-0.999956819496
1522,29.9961967638,-0.500427954949
1623,33.0,5.0
1690,34.2195698007,7.01660879332
1787,36.9313387254,-3.73861974018
1790,36.9115284301,-4.48569968822
1819,36.8800216231,-11.764544429
1836,37.0,-16.0
1896,37.976941462,-2.49620331785
1938,39.0797174375,-10.5083821973
1951,39.0375349431,-13.7621829217
1952,39.0336005644,-14.011264181
