marg-acid,marg-old,marg-new,marg-x,marg-y
K,0.625948411998,2.00097050499,0.5,19.5
D,0.915898965582,0.788803464852,1.5,18.5
E,0.790748458805,1.26056239694,2.5,17.5
R,3.17259833891,0.664566588059,3.5,16.5
H,0.649758756019,2.02470916486,4.5,15.5
Q,0.514297493795,2.45557375512,5.5,14.5
N,1.07681902755,1.40269277944,6.5,13.5
S,0.634110745618,0.941267976571,7.5,12.5
P,0.687645144814,0.488148030196,8.5,11.5
T,0.750286240147,0.602499386665,9.5,10.5
G,1.20707514711,0.524021865805,10.5,9.5
A,1.41565437745,0.53782814352,11.5,8.5
C,0.9590276438,2.0109863862,12.5,7.5
W,0.511930174908,3.09327699241,13.5,6.5
F,0.899476020447,0.929524869265,14.5,5.5
L,0.724129299495,0.916135782631,15.5,4.5
I,0.794056928478,0.850006021393,16.5,3.5
M,0.671322076388,2.04116931306,17.5,2.5
Y,1.39555216052,0.902214731843,18.5,1.5
V,1.28128330875,0.76096156091,19.5,0.5
