marg-acid,marg-old,marg-new,marg-x,marg-y
K,0.6259484119976253,2.000970504992643,0.5,19.5
D,0.9158989655816909,0.7888034648519537,1.5,18.5
E,0.790748458805283,1.2605623969363897,2.5,17.5
R,3.172598338911114,0.6645665880594609,3.5,16.5
H,0.6497587560190614,2.0247091648627284,4.5,15.5
Q,0.5142974937950835,2.4555737551202355,5.5,14.5
N,1.076819027550613,1.4026927794414845,6.5,13.5
S,0.6341107456180723,0.9412679765706431,7.5,12.5
P,0.687645144813572,0.488148030196459,8.5,11.5
T,0.7502862401467979,0.6024993866653414,9.5,10.5
G,1.2070751471140801,0.5240218658046848,10.5,9.5
A,1.4156543774546588,0.5378281435199848,11.5,8.5
C,0.9590276438000535,2.010986386202853,12.5,7.5
W,0.5119301749083921,3.093276992405571,13.5,6.5
F,0.8994760204465103,0.9295248692646664,14.5,5.5
L,0.7241292994949646,0.916135782630978,15.5,4.5
I,0.7940569284781601,0.85000602139281,16.5,3.5
M,0.6713220763876177,2.041169313057965,17.5,2.5
Y,1.3955521605153034,0.9022147318425915,18.5,1.5
V,1.2812833087521622,0.7609615609097374,19.5,0.5
